#ifndef ICON_ASSETS_H
#define ICON_ASSETS_H

#include <stdint.h>

static const uint16_t icon0_data[1600] = {
    0x2945, 0x2945, 0x2945, 0x2945, 0x2945, 0x2945, 0x2945, 0x2945, 0x2945, 0x2945, 0x2945, 0x2145,
    0x1924, 0x2924, 0x6125, 0xA926, 0xD947, 0xE927, 0xF946, 0xF946, 0xF946, 0xF966, 0xC0E3, 0xB8C2,
    0xF164, 0xD144, 0xA943, 0x6144, 0x2924, 0x1925, 0x2144, 0x2945, 0x2945, 0x2945, 0x2945, 0x2945,
    0x2965, 0x2124, 0x2104, 0x2145, 0x2945, 0x2945, 0x2945, 0x2945, 0x2945, 0x2945, 0x2945, 0x2945,
    0x2945, 0x2165, 0x1924, 0x3104, 0x8926, 0xD148, 0xF969, 0xF968, 0xF947, 0xF947, 0xF946, 0xF946,
    0xF946, 0xF966, 0xC124, 0xB081, 0xF944, 0xF963, 0xF963, 0xF963, 0xD163, 0x8163, 0x3124, 0x1924,
    0x2945, 0x2945, 0x2945, 0x2945, 0x2945, 0x2965, 0x2945, 0x2945, 0x2945, 0x2945, 0x2945, 0x2944,
    0x2924, 0x2945, 0x2145, 0x2945, 0x2145, 0x2104, 0x7906, 0xD929, 0xF969, 0xF948, 0xF928, 0xF948,
    0xF948, 0xF968, 0xF986, 0xF966, 0xF166, 0xF185, 0xC0C2, 0xE143, 0xF984, 0xF963, 0xF943, 0xF922,
    0xF941, 0xF982, 0xD162, 0x7143, 0x2124, 0x1945, 0x2945, 0x2945, 0x2945, 0x2945, 0x2944, 0x2945,
    0x2945, 0x2925, 0x2145, 0x2925, 0x2945, 0x2125, 0x2945, 0x1964, 0x38E4, 0xA948, 0xF96B, 0xF929,
    0xF128, 0xF948, 0xF989, 0xF188, 0xB926, 0x8083, 0x5022, 0x3822, 0x3001, 0x2801, 0x2801, 0x5042,
    0x90A3, 0xC944, 0xF983, 0xF983, 0xF942, 0xF941, 0xF960, 0xF981, 0xA983, 0x3923, 0x1945, 0x2946,
    0x2924, 0x2945, 0x2945, 0x2945, 0x2945, 0x2945, 0x2945, 0x2925, 0x2945, 0x2945, 0x2144, 0x48E4,
    0xD14A, 0xF94B, 0xF929, 0xF949, 0xF969, 0xE148, 0x80C5, 0x2821, 0x0840, 0x21A1, 0x3AA3, 0x4B62,
    0x6443, 0x53C4, 0x19C0, 0x19E1, 0x1140, 0x0800, 0x3801, 0x98E2, 0xE982, 0xF982, 0xF941, 0xF940,
    0xF941, 0xC982, 0x4923, 0x2125, 0x2944, 0x2944, 0x2945, 0x2945, 0x2945, 0x2945, 0x2945, 0x2145,
    0x2945, 0x2124, 0x48E4, 0xD94A, 0xF94B, 0xF92A, 0xF94A, 0xF18A, 0x88E5, 0x1800, 0x1921, 0x7405,
    0xB647, 0xCF27, 0xD7A6, 0xC7A5, 0xB784, 0xB7E4, 0x85E3, 0x5CE1, 0x8F01, 0x65C1, 0x2321, 0x0080,
    0x3000, 0xA922, 0xF9A2, 0xF961, 0xF940, 0xF960, 0xD1A3, 0x5122, 0x1944, 0x2945, 0x2945, 0x2945,
    0x2945, 0x2944, 0x2145, 0x2925, 0x2145, 0x40E4, 0xD16A, 0xF94B, 0xF92A, 0xF94A, 0xD96A, 0x4823,
    0x10A0, 0x7C26, 0xDF08, 0xEFA8, 0xDF67, 0xC745, 0xB725, 0xAF25, 0xA704, 0x9F42, 0x96A6, 0x3BC1,
    0x7EE0, 0x7FC0, 0x77A1, 0x5E62, 0x1B01, 0x0020, 0x6081, 0xE982, 0xF960, 0xF940, 0xF940, 0xC9A2,
    0x4103, 0x2145, 0x2944, 0x2945, 0x2945, 0x2144, 0x2925, 0x2945, 0x3104, 0xB149, 0xF92C, 0xF94B,
    0xF96B, 0xC969, 0x2801, 0x31C2, 0xCE8A, 0xF7C9, 0xDF47, 0xCF26, 0xC706, 0xC726, 0xBF45, 0xBF85,
    0xB783, 0xB7C3, 0x8604, 0x4460, 0x7F01, 0x7720, 0x6F20, 0x5F60, 0x5FC1, 0x3D22, 0x00C0, 0x4841,
    0xD9A2, 0xF960, 0xF940, 0xF961, 0xB1A2, 0x3123, 0x2146, 0x2945, 0x2945, 0x2945, 0x2165, 0x2104,
    0x8907, 0xF96C, 0xF92B, 0xF94B, 0xD16A, 0x2801, 0x4A83, 0xE70B, 0xF788, 0xDF28, 0xD728, 0xD726,
    0xDFA7, 0xD7A8, 0xB6C5, 0x95E5, 0x8584, 0x7544, 0x4BC0, 0x7DE2, 0x97C1, 0x7F80, 0x6F40, 0x5F20,
    0x4740, 0x47A1, 0x3622, 0x0120, 0x4840, 0xE982, 0xF960, 0xF160, 0xF9A1, 0x8983, 0x1924, 0x2945,
    0x2945, 0x2945, 0x2144, 0x4905, 0xE16B, 0xF92B, 0xF94B, 0xE18B, 0x3802, 0x4203, 0xEF4C, 0xF768,
    0xE728, 0xDF27, 0xE768, 0xE769, 0x9D86, 0x4A82, 0x1060, 0x0000, 0x0000, 0x0000, 0x0000, 0x1920,
    0x3B21, 0x6E02, 0x77A2, 0x5F60, 0x5720, 0x3F20, 0x2FA0, 0x1E22, 0x00E0, 0x6861, 0xF1A1, 0xF960,
    0xF940, 0xE1A2, 0x5143, 0x2145, 0x2945, 0x2145, 0x28E4, 0xA128, 0xF96C, 0xF90B, 0xF98C, 0x7085,
    0x18E0, 0xDE8C, 0xFF6A, 0xEF28, 0xE728, 0xF788, 0xC669, 0x4A43, 0x0000, 0x0082, 0x02AB, 0x0C31,
    0x0CF3, 0x1472, 0x0A09, 0x0125, 0x0001, 0x0800, 0x3342, 0x6703, 0x5780, 0x3F20, 0x2740, 0x0FA1,
    0x1522, 0x0840, 0xA101, 0xF9A0, 0xF940, 0xF980, 0x99A3, 0x2104, 0x2945, 0x2144, 0x4905, 0xE96C,
    0xF92C, 0xF96C, 0xC14A, 0x1800, 0x9CE8, 0xFFCB, 0xEF0A, 0xEF28, 0xFF8A, 0xB5EA, 0x18C0, 0x0041,
    0x0C0F, 0x16FA, 0x0FFF, 0x07FF, 0x07FF, 0x0FFF, 0x0DD8, 0x14B4, 0x25B7, 0x1229, 0x0000, 0x1A01,
    0x56A3, 0x4760, 0x2720, 0x0740, 0x1F82, 0x0321, 0x3000, 0xD9A2, 0xF960, 0xF940, 0xD9C3, 0x5123,
    0x2965, 0x2124, 0x9108, 0xF96C, 0xF90B, 0xF9AC, 0x5844, 0x4203, 0xFF6D, 0xFF29, 0xF729, 0xF789,
    0xC64A, 0x1880, 0x0105, 0x1E58, 0x0FFE, 0x07DE, 0x077D, 0x075C, 0x073C, 0x075E, 0x1638, 0x03F1,
    0x1F5F, 0x3F5E, 0x23EF, 0x0000, 0x1A00, 0x46E3, 0x2740, 0x0720, 0x0760, 0x1663, 0x00C0, 0x88C1,
    0xF9C0, 0xF940, 0xF980, 0x9183, 0x2145, 0x2905, 0xD14A, 0xF94C, 0xF92C, 0xD14A, 0x1000, 0xA509,
    0xFFAB, 0xF72A, 0xF748, 0xE72C, 0x3982, 0x0104, 0x1EB9, 0x0FFE, 0x079C, 0x077C, 0x079D, 0x07DE,
    0x07DF, 0x0FFF, 0x0535, 0x0493, 0x1EFE, 0x26FF, 0x479F, 0x2BB0, 0x0000, 0x2302, 0x3762, 0x0720,
    0x0740, 0x1781, 0x0341, 0x3800, 0xE1C2, 0xF980, 0xF940, 0xC1C3, 0x2145, 0x4905, 0xE16C, 0xF90C,
    0xF98C, 0x9087, 0x2101, 0xEEEC, 0xFF4A, 0xF709, 0xFFAB, 0x8C46, 0x0000, 0x1554, 0x0FFE, 0x07BC,
    0x079C, 0x07DE, 0x0F9E, 0x0D75, 0x1431, 0x0BAF, 0x0472, 0x1F1D, 0x1F1F, 0x2EDF, 0x36DF, 0x4F3E,
    0x1A29, 0x0020, 0x25C2, 0x0F81, 0x0720, 0x0780, 0x15A2, 0x1020, 0xB142, 0xF980, 0xF960, 0xE1C2,
    0x2124, 0x70E6, 0xF96C, 0xF90C, 0xF1AD, 0x5823, 0x52A4, 0xFFCD, 0xFF29, 0xFF29, 0xF72D, 0x3180,
    0x0229, 0x17BC, 0x07DC, 0x07DD, 0x07DD, 0x1E78, 0x0269, 0x0000, 0x0000, 0x0000, 0x00E4, 0x1431,
    0x2F3E, 0x2EFF, 0x36DF, 0x473F, 0x4557, 0x0021, 0x1302, 0x1F62, 0x0740, 0x0760, 0x1EE3, 0x0160,
    0x78C1, 0xF9C0, 0xF940, 0xF1A1, 0x2104, 0x9128, 0xF96D, 0xF92C, 0xE98C, 0x3001, 0x9468, 0xFFAB,
    0xF709, 0xFF8A, 0xC5CA, 0x0020, 0x14F3, 0x0FFE, 0x07BB, 0x07FD, 0x16FB, 0x01C6, 0x0800, 0x0820,
    0x0020, 0x0020, 0x0000, 0x0000, 0x2432, 0x377F, 0x36FE, 0x36DF, 0x56FE, 0x1186, 0x00C0, 0x16E2,
    0x0740, 0x0720, 0x1F62, 0x02A1, 0x5040, 0xF9A1, 0xF960, 0xF980, 0x2104, 0xA909, 0xF96D, 0xF94C,
    0xD94B, 0x1000, 0xBDAB, 0xFFAB, 0xF709, 0xFFCA, 0x8C06, 0x0061, 0x1E78, 0x07FD, 0x07BC, 0x0FFE,
    0x1430, 0x0000, 0x0020, 0x0020, 0x0000, 0x0000, 0x0000, 0x0000, 0x0104, 0x3E7A, 0x371F, 0x36BF,
    0x4F3F, 0x334E, 0x0020, 0x15E2, 0x0761, 0x0720, 0x1761, 0x03C1, 0x4020, 0xE981, 0xF960, 0xF960,
    0x2104, 0xB92A, 0xF94D, 0xF94B, 0xC94A, 0x1020, 0xC5EB, 0xFF8B, 0xF709, 0xFFEB, 0x7B45, 0x00E3,
    0x273A, 0x07FD, 0x07DC, 0x0FBD, 0x0A28, 0x0000, 0x0020, 0x0000, 0x0000, 0x0000, 0x0000, 0x0020,
    0x0021, 0x2D15, 0x375F, 0x3E9F, 0x4F5F, 0x3C32, 0x0000, 0x1502, 0x0F62, 0x0720, 0x0F81, 0x0461,
    0x3000, 0xE182, 0xF960, 0xF960, 0x2104, 0xB92A, 0xF94C, 0xF94B, 0xC94A, 0x1020, 0xC5EB, 0xFF6B,
    0xFF09, 0xFFEB, 0x7345, 0x0103, 0x275A, 0x07FD, 0x07DC, 0x0F9C, 0x01C6, 0x0000, 0x0020, 0x0000,
    0x0000, 0x0000, 0x0000, 0x0020, 0x0000, 0x2CD4, 0x3F7F, 0x3E9F, 0x575F, 0x3C53, 0x0000, 0x14C2,
    0x1762, 0x0720, 0x0F81, 0x0461, 0x3000, 0xE182, 0xF960, 0xF960, 0x2104, 0xB12A, 0xF94D, 0xF92B,
    0xD14B, 0x1000, 0xBDEB, 0xFFAB, 0xF709, 0xFFEB, 0x7B85, 0x00C2, 0x26D9, 0x07FD, 0x07BC, 0x17FE,
    0x132C, 0x0000, 0x0020, 0x0000, 0x0000, 0x0000, 0x0000, 0x0000, 0x0082, 0x35D8, 0x373F, 0x36BF,
    0x4F3F, 0x3BD1, 0x0000, 0x1562, 0x0F61, 0x0720, 0x0F61, 0x0420, 0x3800, 0xE9A1, 0xF960, 0xF980,
    0x2104, 0xA909, 0xF94D, 0xF92C, 0xD96B, 0x2000, 0xAD2A, 0xFFAB, 0xF729, 0xFF8B, 0xAD08, 0x0020,
    0x15B6, 0x07FE, 0x07BC, 0x0FFD, 0x15F6, 0x0083, 0x0800, 0x0041, 0x0000, 0x0020, 0x0020, 0x0000,
    0x12AB, 0x3F3E, 0x36FE, 0x3EDF, 0x4F3F, 0x1A4A, 0x0040, 0x0E81, 0x0761, 0x0720, 0x1782, 0x0321,
    0x4020, 0xF1A0, 0xF960, 0xF980, 0x2104, 0x8908, 0xF96D, 0xF90C, 0xF1AD, 0x4002, 0x6B45, 0xFFCC,
    0xFF29, 0xFF6A, 0xDEAC, 0x1880, 0x0BAE, 0x17FD, 0x07DC, 0x07BC, 0x0FFD, 0x1C91, 0x0062, 0x0000,
    0x0000, 0x0000, 0x0000, 0x09C7, 0x367B, 0x2F3F, 0x36DF, 0x46FF, 0x4E5C, 0x00A3, 0x09A0, 0x1722,
    0x0740, 0x0740, 0x1F22, 0x01E1, 0x6061, 0xF9C1, 0xF940, 0xF181, 0x2124, 0x6106, 0xF16C, 0xF90B,
    0xF9AD, 0x7065, 0x31A2, 0xFF6D, 0xFF2A, 0xF729, 0xFFAC, 0x5AC3, 0x00C2, 0x26D9, 0x07FD, 0x07BC,
    0x07BD, 0x0FDE, 0x15F7, 0x030C, 0x09C7, 0x0249, 0x0C51, 0x1EDC, 0x1F3F, 0x2EDF, 0x36DF, 0x4F5F,
    0x2BB0, 0x0000, 0x1C62, 0x1781, 0x0720, 0x0780, 0x1642, 0x0880, 0x9902, 0xF9A0, 0xF940, 0xE1E3,
    0x2144, 0x4105, 0xE16C, 0xF90C, 0xF96C, 0xB109, 0x0820, 0xC60A, 0xFF8B, 0xF708, 0xFF69, 0xC60A,
    0x0820, 0x0B0C, 0x1FDD, 0x07DD, 0x079D, 0x079D, 0x07DE, 0x07FE, 0x0FBF, 0x0F9F, 0x079F, 0x073E,
    0x26FF, 0x26FE, 0x375F, 0x3DD9, 0x0083, 0x0940, 0x2EE2, 0x0760, 0x0720, 0x0FA1, 0x0C81, 0x2000,
    0xC9A2, 0xF980, 0xF960, 0xD225, 0x2145, 0x2904, 0xB94B, 0xF94C, 0xF92B, 0xE1AC, 0x3801, 0x6B45,
    0xFFAC, 0xFF29, 0xF709, 0xF78B, 0x8C06, 0x0000, 0x13CF, 0x17FE, 0x07DE, 0x079C, 0x075C, 0x077D,
    0x075E, 0x071E, 0x06FD, 0x06FE, 0x1EFF, 0x379F, 0x3E39, 0x0926, 0x0040, 0x3D63, 0x2F81, 0x0720,
    0x0740, 0x1702, 0x01C1, 0x6060, 0xF1C1, 0xF940, 0xF980, 0xAA46, 0x2945, 0x1904, 0x7907, 0xF98C,
    0xF90B, 0xF96C, 0x90E7, 0x18A0, 0xD64B, 0xFF8A, 0xEF2A, 0xF748, 0xEF8B, 0x6B25, 0x0000, 0x130C,
    0x171A, 0x0FFE, 0x07FF, 0x079E, 0x077E, 0x075E, 0x077F, 0x0F7F, 0x277E, 0x2D55, 0x08C5, 0x0020,
    0x3C82, 0x4F82, 0x2720, 0x0740, 0x1781, 0x14C2, 0x0800, 0xB942, 0xF980, 0xF920, 0xE224, 0x71C5,
    0x2944, 0x2144, 0x40E5, 0xD16B, 0xF92C, 0xF92B, 0xE98C, 0x4023, 0x4263, 0xFF8C, 0xF748, 0xEF48,
    0xEF47, 0xEF6A, 0x73C5, 0x0800, 0x00C4, 0x0B8E, 0x0DD6, 0x173C, 0x179E, 0x0F7D, 0x0E7A, 0x14D4,
    0x0A49, 0x0000, 0x00A0, 0x4502, 0x5F82, 0x3F40, 0x2740, 0x0760, 0x1E83, 0x0120, 0x6060, 0xF1C1,
    0xF940, 0xF960, 0xC266, 0x2924, 0x2925, 0x2945, 0x2104, 0x8127, 0xF96C, 0xF92B, 0xF96C, 0xB14A,
    0x0800, 0x8407, 0xFFAB, 0xEF08, 0xE728, 0xE767, 0xEFAA, 0xADA7, 0x4202, 0x0800, 0x0000, 0x0084,
    0x00E4, 0x00C4, 0x0022, 0x0000, 0x1040, 0x32E1, 0x5E63, 0x67C1, 0x4F40, 0x3F20, 0x2F40, 0x1F41,
    0x02A1, 0x2000, 0xD982, 0xF960, 0xF920, 0xF203, 0x79E6, 0x1904, 0x2945, 0x2125, 0x2145, 0x3904,
    0xD16A, 0xF92B, 0xF12A, 0xF96B, 0x88E7, 0x1040, 0xA4C8, 0xFFCB, 0xE748, 0xDF29, 0xDF27, 0xDF87,
    0xD788, 0xAE27, 0x7424, 0x52E2, 0x3A01, 0x3A41, 0x4B42, 0x5C81, 0x7EA2, 0x7FC1, 0x6F80, 0x6720,
    0x4F20, 0x3F60, 0x3762, 0x0B41, 0x1000, 0xB122, 0xF980, 0xF940, 0xF981, 0xBA66, 0x2124, 0x2925,
    0x2945, 0x2945, 0x2925, 0x1924, 0x6926, 0xF18C, 0xF92A, 0xF92A, 0xF9AB, 0x78C6, 0x0840, 0x8447,
    0xF78B, 0xEF68, 0xD708, 0xCF27, 0xCF26, 0xCF66, 0xD7C6, 0xC7A5, 0xB785, 0xAF84, 0xA7C2, 0x9FC1,
    0x8760, 0x7740, 0x6F00, 0x5F20, 0x57A0, 0x4EE2, 0x12E1, 0x0800, 0x9921, 0xF981, 0xF160, 0xF920,
    0xEA46, 0x49C5, 0x1925, 0x2945, 0x2945, 0x2944, 0x2924, 0x2145, 0x1903, 0x8948, 0xF96C, 0xF90B,
    0xF92A, 0xF96B, 0x88C6, 0x0800, 0x4AA3, 0xD68A, 0xEFCA, 0xDF67, 0xCF26, 0xBEE6, 0xB6E6, 0xAF05,
    0xAF24, 0x9F22, 0x8F21, 0x8701, 0x7F00, 0x7740, 0x6F80, 0x6FA1, 0x4DC2, 0x0980, 0x1000, 0xA121,
    0xF981, 0xF960, 0xF920, 0xF1E4, 0x7A27, 0x1904, 0x2965, 0x2945, 0x2945, 0x2144, 0x2944, 0x2925,
    0x2145, 0x2904, 0xA989, 0xF96C, 0xF94A, 0xF92A, 0xF96B, 0xA947, 0x2001, 0x10C0, 0x6BE5, 0xC648,
    0xDF88, 0xD7A7, 0xC7A6, 0xBF84, 0xAF63, 0xA762, 0x9F82, 0x9FC1, 0x8FC0, 0x8761, 0x5DC1, 0x22E1,
    0x0020, 0x4821, 0xC982, 0xF9A1, 0xF940, 0xF920, 0xFA04, 0x9267, 0x2104, 0x2925, 0x2945, 0x2945,
    0x2945, 0x2145, 0x2145, 0x2145, 0x2925, 0x1965, 0x2904, 0xB169, 0xF96C, 0xF929, 0xF949, 0xF96A,
    0xE96A, 0x80C5, 0x1801, 0x1081, 0x3242, 0x6C45, 0x95A6, 0xA624, 0xAEA5, 0x9E84, 0x8602, 0x6D62,
    0x3BA1, 0x1181, 0x0021, 0x3000, 0x98E1, 0xF1A3, 0xF961, 0xF940, 0xF900, 0xF9E4, 0x9A88, 0x1923,
    0x2145, 0x2944, 0x2144, 0x2945, 0x2945, 0x2945, 0x2145, 0x2145, 0x2925, 0x2925, 0x2145, 0x2924,
    0x9989, 0xF98B, 0xF929, 0xF929, 0xF94A, 0xF96A, 0xE168, 0x98E5, 0x4822, 0x2001, 0x0800, 0x0881,
    0x10E1, 0x10C0, 0x0840, 0x0800, 0x2801, 0x6061, 0xA902, 0xE983, 0xF982, 0xF941, 0xF141, 0xF940,
    0xF245, 0x8247, 0x1924, 0x2145, 0x2944, 0x2944, 0x2945, 0x2945, 0x2945, 0x2945, 0x2145, 0x2924,
    0x2145, 0x2925, 0x2925, 0x2145, 0x2104, 0x7188, 0xD9AB, 0xF94A, 0xF949, 0xF128, 0xF948, 0xF968,
    0xF988, 0xF167, 0xD946, 0xB925, 0xA0E4, 0xA8E3, 0xC124, 0xD944, 0xF185, 0xF985, 0xF983, 0xF962,
    0xF921, 0xF921, 0xF9A3, 0xD288, 0x6207, 0x1124, 0x2145, 0x2944, 0x2145, 0x2145, 0x2945, 0x2945,
    0x2945, 0x2945, 0x2145, 0x2945, 0x2944, 0x2145, 0x2945, 0x2945, 0x2145, 0x1924, 0x3945, 0x99A9,
    0xE98A, 0xF969, 0xF948, 0xF907, 0xF947, 0xF947, 0xF967, 0xF966, 0xF966, 0xF985, 0xF965, 0xF964,
    0xF944, 0xF923, 0xF922, 0xF920, 0xF983, 0xDA67, 0x8A47, 0x3185, 0x1904, 0x2945, 0x2945, 0x2945,
    0x2945, 0x2945, 0x2945, 0x2945, 0x2124, 0x2945, 0x2945, 0x2945, 0x2945, 0x2945, 0x2945, 0x2945,
    0x2925, 0x2925, 0x2144, 0x1923, 0x41A6, 0x91C9, 0xD9CA, 0xF9A9, 0xF968, 0xF947, 0xF926, 0xF926,
    0xF925, 0xF924, 0xF924, 0xF924, 0xF943, 0xF984, 0xF9E5, 0xCA48, 0x8268, 0x39A6, 0x1104, 0x2124,
    0x2945, 0x2945, 0x2945, 0x2945, 0x2945, 0x2945, 0x2945, 0x2945, 0x2945, 0x2945, 0x2945, 0x2945,
    0x2945, 0x2945, 0x2945, 0x2945, 0x2945, 0x2925, 0x2944, 0x2944, 0x1924, 0x1924, 0x2965, 0x51A7,
    0x81C8, 0xAA09, 0xCA29, 0xDA08, 0xE208, 0xDA08, 0xD228, 0xC228, 0xA228, 0x7A28, 0x49E7, 0x2186,
    0x1924, 0x2124, 0x2945, 0x2945, 0x2945, 0x2945, 0x2945, 0x2945, 0x2945, 0x2945, 0x2945, 0x2945,
    0x2104, 0x2104, 0x2104, 0x2104, 0x2945, 0x2945, 0x2945, 0x2945, 0x2944, 0x2144, 0x2145, 0x2145,
    0x2945, 0x2944, 0x2124, 0x1904, 0x1124, 0x1145, 0x2165, 0x2986, 0x29A6, 0x2986, 0x2186, 0x1965,
    0x1125, 0x1104, 0x1924, 0x2124, 0x2945, 0x2945, 0x2944, 0x2944, 0x2945, 0x2945, 0x2945, 0x2945,
    0x2945, 0x2945, 0x2945, 0x2945,
};

static const uint16_t icon1_data[1600] = {
    0x2945, 0x2945, 0x2945, 0x2945, 0x2945, 0x2945, 0x2945, 0x2945, 0x2945, 0x2945, 0x2925, 0x2925,
    0x2945, 0x2145, 0x2145, 0x2124, 0x2124, 0x2945, 0x2925, 0x2925, 0x2145, 0x2124, 0x2124, 0x2124,
    0x2924, 0x2924, 0x2124, 0x2124, 0x2124, 0x2124, 0x2124, 0x2124, 0x2124, 0x2124, 0x2124, 0x2124,
    0x2124, 0x2124, 0x2124, 0x2124, 0x2945, 0x2945, 0x2945, 0x2945, 0x2945, 0x2945, 0x2945, 0x2945,
    0x2925, 0x2925, 0x2945, 0x2145, 0x2925, 0x2925, 0x2924, 0x2945, 0x2945, 0x2144, 0x2144, 0x2944,
    0x2944, 0x2944, 0x2944, 0x2144, 0x2125, 0x2125, 0x2125, 0x2124, 0x2124, 0x2124, 0x2124, 0x2124,
    0x2124, 0x2124, 0x2124, 0x2124, 0x2124, 0x2124, 0x2124, 0x2124, 0x2945, 0x2945, 0x2945, 0x2945,
    0x2945, 0x2945, 0x2945, 0x2945, 0x2945, 0x2945, 0x2945, 0x2925, 0x2925, 0x2945, 0x2145, 0x2165,
    0x2965, 0x2924, 0x2924, 0x2904, 0x28E4, 0x2905, 0x2905, 0x2145, 0x2165, 0x2164, 0x2144, 0x2124,
    0x2124, 0x2124, 0x2124, 0x2124, 0x2124, 0x2124, 0x2124, 0x2124, 0x2124, 0x2124, 0x2124, 0x2124,
    0x2945, 0x2945, 0x2945, 0x2945, 0x2945, 0x2945, 0x2945, 0x2945, 0x2145, 0x2145, 0x2925, 0x2925,
    0x2165, 0x2145, 0x3125, 0x28A4, 0x2083, 0x2104, 0x2164, 0x21A5, 0x19C5, 0x19A4, 0x1944, 0x20E3,
    0x20A3, 0x28A4, 0x2905, 0x2945, 0x2145, 0x2124, 0x2924, 0x2124, 0x2124, 0x2124, 0x2124, 0x2124,
    0x2124, 0x2124, 0x2124, 0x2124, 0x2145, 0x2945, 0x2945, 0x2945, 0x2945, 0x2945, 0x2945, 0x2945,
    0x2945, 0x2945, 0x2925, 0x2945, 0x2104, 0x20C3, 0x1984, 0x1306, 0x14A9, 0x15EB, 0x06EB, 0x0F6C,
    0x07AD, 0x076C, 0x0ECB, 0x0DAA, 0x1468, 0x1AA6, 0x1943, 0x20C3, 0x28E4, 0x2945, 0x2144, 0x2124,
    0x2925, 0x2125, 0x2124, 0x2144, 0x2124, 0x2124, 0x2124, 0x2124, 0x2945, 0x2945, 0x2945, 0x2945,
    0x2945, 0x2945, 0x2945, 0x2945, 0x2145, 0x2145, 0x3105, 0x20E3, 0x1224, 0x1489, 0x0E8C, 0x0FED,
    0x07ED, 0x07EC, 0x07EC, 0x07EC, 0x07EB, 0x07EB, 0x07EC, 0x07EC, 0x07ED, 0x0FCD, 0x168C, 0x1428,
    0x11A3, 0x20E3, 0x2925, 0x2945, 0x2144, 0x2144, 0x2925, 0x2124, 0x2124, 0x2124, 0x2124, 0x2124,
    0x2945, 0x2945, 0x2945, 0x2945, 0x2945, 0x2945, 0x2945, 0x2144, 0x2945, 0x2905, 0x0962, 0x0C27,
    0x170D, 0x0FEE, 0x07EC, 0x07EB, 0x07AC, 0x07CC, 0x07CC, 0x07CC, 0x07CC, 0x07CC, 0x07AC, 0x0FAC,
    0x07AC, 0x07AB, 0x07EC, 0x0FED, 0x1ECC, 0x1387, 0x1903, 0x28E4, 0x2944, 0x2144, 0x2925, 0x2925,
    0x2124, 0x2124, 0x2124, 0x2124, 0x2945, 0x2945, 0x2945, 0x2945, 0x2945, 0x2945, 0x2145, 0x2945,
    0x2104, 0x1204, 0x1DAB, 0x17EE, 0x07EB, 0x07CB, 0x07CB, 0x07CB, 0x07CB, 0x07CB, 0x07CB, 0x07CB,
    0x07CB, 0x07EB, 0x07EC, 0x07CB, 0x07CB, 0x07CB, 0x0FAB, 0x07AA, 0x07EB, 0x17CD, 0x1D29, 0x11C4,
    0x28E4, 0x2925, 0x2124, 0x2144, 0x2124, 0x2124, 0x2124, 0x2124, 0x2145, 0x2945, 0x2945, 0x2925,
    0x2944, 0x2945, 0x2945, 0x2104, 0x1A65, 0x16CB, 0x0FEC, 0x07CA, 0x07CB, 0x07CB, 0x07CB, 0x07CB,
    0x07AB, 0x07AB, 0x07CB, 0x07CB, 0x07CB, 0x07CB, 0x07CB, 0x07AB, 0x07CB, 0x07CB, 0x07CB, 0x07CB,
    0x07AA, 0x07CA, 0x0FEC, 0x1E2B, 0x1204, 0x28E4, 0x2945, 0x2124, 0x2124, 0x2124, 0x2124, 0x2124,
    0x2144, 0x2144, 0x2945, 0x2925, 0x2944, 0x2945, 0x20E4, 0x0A64, 0x16AB, 0x0FEC, 0x07AB, 0x07CA,
    0x07CB, 0x07CB, 0x07CA, 0x07CA, 0x07AB, 0x07AA, 0x07AB, 0x07CB, 0x07CB, 0x07CB, 0x07AB, 0x07AB,
    0x07AB, 0x07AB, 0x07CB, 0x07CB, 0x07AA, 0x07AB, 0x07CA, 0x0FEB, 0x1E0B, 0x11C4, 0x2904, 0x2145,
    0x2124, 0x2124, 0x2945, 0x2124, 0x2925, 0x2144, 0x2944, 0x2145, 0x2945, 0x2924, 0x01C3, 0x1E2B,
    0x0FEB, 0x07A9, 0x07AC, 0x07CB, 0x07C9, 0x07AA, 0x0F8A, 0x07A9, 0x07CB, 0x07AB, 0x07AA, 0x07AA,
    0x07AA, 0x07AA, 0x07AA, 0x07AA, 0x07AA, 0x07AA, 0x07AA, 0x07AA, 0x07AA, 0x07CB, 0x07AA, 0x07C9,
    0x17EB, 0x1DAA, 0x0963, 0x2905, 0x2945, 0x2124, 0x2124, 0x2945, 0x2925, 0x2144, 0x2944, 0x2145,
    0x2925, 0x1122, 0x14C8, 0x0FEC, 0x07C9, 0x07AA, 0x07EA, 0x0789, 0x474D, 0xAFD8, 0xA7D7, 0x2F2B,
    0x07C9, 0x07AA, 0x07AA, 0x07AA, 0x07AA, 0x07AA, 0x07AA, 0x07AA, 0x07AA, 0x07AA, 0x07AA, 0x07AA,
    0x07AA, 0x07AA, 0x07AB, 0x07AA, 0x07C8, 0x17CC, 0x2428, 0x10E2, 0x2945, 0x2144, 0x2124, 0x2945,
    0x2144, 0x2924, 0x2144, 0x2945, 0x20E3, 0x0AE4, 0x1F8C, 0x07E9, 0x07AA, 0x07CA, 0x0789, 0x574F,
    0xD7FB, 0xFFDF, 0xFFFF, 0x8FB5, 0x0F49, 0x07AA, 0x07AA, 0x07AA, 0x07AA, 0x07AA, 0x07AA, 0x07AA,
    0x07AA, 0x07AA, 0x07A9, 0x07A9, 0x07AA, 0x07A9, 0x07AA, 0x078A, 0x0789, 0x07AA, 0x26EB, 0x0A84,
    0x20E4, 0x2945, 0x2124, 0x2124, 0x2145, 0x2924, 0x2145, 0x2925, 0x0942, 0x1589, 0x07EB, 0x07A9,
    0x07AA, 0x07AA, 0x272A, 0xC7D9, 0xFFFF, 0xF7DF, 0xFFDF, 0xE7FD, 0x572F, 0x0788, 0x07A9, 0x07A9,
    0x07A9, 0x07A9, 0x07A9, 0x07A9, 0x07A9, 0x07A9, 0x07A9, 0x07A9, 0x07A9, 0x07A9, 0x07A9, 0x07A9,
    0x0789, 0x0789, 0x07EA, 0x1CE8, 0x18E3, 0x2965, 0x2124, 0x2904, 0x2945, 0x2144, 0x2946, 0x28E5,
    0x0AC4, 0x170A, 0x07A9, 0x0789, 0x07AA, 0x0789, 0x272B, 0xD7DC, 0xFFDF, 0xFFFF, 0xFFFF, 0xFFFF,
    0xB7F8, 0x272A, 0x0789, 0x07A9, 0x0789, 0x0789, 0x0789, 0x0789, 0x0789, 0x0789, 0x0789, 0x0789,
    0x0789, 0x0789, 0x0789, 0x0789, 0x07A9, 0x0789, 0x07A8, 0x2EAB, 0x1204, 0x18E4, 0x2145, 0x2925,
    0x2944, 0x2165, 0x2946, 0x18E3, 0x1487, 0x17EA, 0x0788, 0x0789, 0x07A9, 0x0789, 0x2729, 0xD7FB,
    0xFFDF, 0xFFFF, 0xFFFF, 0xFFBF, 0xEFFD, 0x5F4F, 0x0768, 0x07A9, 0x0788, 0x0788, 0x0788, 0x0788,
    0x0788, 0x0788, 0x0788, 0x0788, 0x0788, 0x0788, 0x0788, 0x0788, 0x0788, 0x0788, 0x0768, 0x1FAB,
    0x1407, 0x20C3, 0x2145, 0x2144, 0x2945, 0x2945, 0x2945, 0x09A3, 0x1609, 0x07E9, 0x0788, 0x0789,
    0x0788, 0x0788, 0x0F47, 0xA7B7, 0xFFFF, 0xFFFF, 0xF7DE, 0xFFFF, 0xB7D7, 0x2709, 0x0788, 0x0788,
    0x0788, 0x0788, 0x0788, 0x0788, 0x0788, 0x0788, 0x0788, 0x0788, 0x0788, 0x0788, 0x0788, 0x0788,
    0x0788, 0x0788, 0x0768, 0x07C9, 0x1D89, 0x18E3, 0x2945, 0x2144, 0x2945, 0x2925, 0x2924, 0x0A83,
    0x1F0A, 0x07A8, 0x0788, 0x0788, 0x0788, 0x07A8, 0x0766, 0x6730, 0xEFFE, 0xFFDF, 0xFFFF, 0xCFDA,
    0x3EEB, 0x0766, 0x0788, 0x0768, 0x0788, 0x0768, 0x0768, 0x0767, 0x0787, 0x0788, 0x0768, 0x0767,
    0x0767, 0x0767, 0x0767, 0x0788, 0x0788, 0x0788, 0x0768, 0x07A7, 0x2649, 0x1984, 0x2124, 0x2924,
    0x2944, 0x2145, 0x28E4, 0x0B44, 0x176A, 0x0788, 0x0768, 0x0788, 0x0788, 0x0787, 0x0787, 0x1F08,
    0xB7D7, 0xFFFF, 0xFFFF, 0xA7B5, 0x0F07, 0x0787, 0x0767, 0x0787, 0x0767, 0x0787, 0x0767, 0x0767,
    0x0787, 0x0768, 0x0768, 0x0767, 0x0767, 0x0767, 0x0767, 0x0767, 0x0767, 0x0767, 0x0767, 0x0766,
    0x26E9, 0x1243, 0x2104, 0x2945, 0x2144, 0x2965, 0x28E4, 0x0B84, 0x1769, 0x0767, 0x0768, 0x0787,
    0x0768, 0x0768, 0x0787, 0x0726, 0x572D, 0xEFFD, 0xFFDF, 0xEFFD, 0x776F, 0x0726, 0x0787, 0x0767,
    0x0767, 0x0766, 0x0786, 0x0767, 0x0767, 0x0767, 0x0786, 0x0766, 0x0766, 0x0766, 0x0766, 0x0767,
    0x0767, 0x0767, 0x0767, 0x0766, 0x2F2A, 0x1AA4, 0x2104, 0x2945, 0x2945, 0x2965, 0x20E3, 0x0BC5,
    0x1789, 0x0766, 0x0747, 0x0767, 0x0767, 0x0767, 0x0767, 0x0786, 0x0706, 0x9793, 0xFFFF, 0xFF9F,
    0xEFFD, 0x6F70, 0x0726, 0x0766, 0x0767, 0x0747, 0x0766, 0x0766, 0x0767, 0x0766, 0x0766, 0x0766,
    0x0766, 0x0766, 0x0766, 0x0766, 0x0766, 0x0766, 0x0766, 0x0765, 0x2F2A, 0x1AC5, 0x20E4, 0x2145,
    0x2945, 0x2945, 0x20E3, 0x0BE4, 0x1788, 0x0746, 0x0746, 0x0766, 0x0747, 0x0767, 0x0747, 0x0766,
    0x0765, 0x1EE7, 0xB7D6, 0xFFFF, 0xFFDF, 0xEFFE, 0x7F71, 0x0EE5, 0x0785, 0x0767, 0x0746, 0x0766,
    0x0746, 0x0747, 0x0766, 0x0766, 0x0746, 0x0766, 0x0766, 0x0766, 0x0746, 0x0746, 0x0746, 0x0765,
    0x2F29, 0x1AC4, 0x20E3, 0x2945, 0x2945, 0x3125, 0x20E3, 0x0B84, 0x1768, 0x0765, 0x0746, 0x0766,
    0x0766, 0x0766, 0x0746, 0x0747, 0x0766, 0x0744, 0x36E9, 0xC7FA, 0xFFDF, 0xFFBF, 0xFFFF, 0x8F73,
    0x16C5, 0x0764, 0x0746, 0x0726, 0x0765, 0x0765, 0x0745, 0x0745, 0x0766, 0x0745, 0x0746, 0x0745,
    0x0745, 0x0745, 0x0745, 0x0764, 0x2EE9, 0x1A45, 0x1903, 0x2144, 0x2145, 0x3145, 0x2104, 0x0AE3,
    0x1F28, 0x0765, 0x0746, 0x0766, 0x0746, 0x0746, 0x0745, 0x0765, 0x0746, 0x0765, 0x0724, 0x36E9,
    0xCFFA, 0xFFDF, 0xFFDF, 0xFFFF, 0xA7B5, 0x26E6, 0x0743, 0x0763, 0x06E3, 0x1F06, 0x2F68, 0x0F04,
    0x0703, 0x0765, 0x0745, 0x0725, 0x0745, 0x0744, 0x0725, 0x0745, 0x3669, 0x2184, 0x2124, 0x2924,
    0x2144, 0x2945, 0x2125, 0x0A02, 0x1E88, 0x0785, 0x0745, 0x0765, 0x0744, 0x0745, 0x0745, 0x0745,
    0x0745, 0x0725, 0x0785, 0x0723, 0x3EC9, 0xC7F9, 0xFFFF, 0xFFBF, 0xFFFF, 0xBFD7, 0x36E7, 0x16E3,
    0x5F2D, 0xCFDA, 0xEFDD, 0xB7B7, 0x4F2B, 0x0703, 0x0763, 0x0745, 0x0726, 0x0725, 0x0724, 0x0765,
    0x2DC8, 0x1902, 0x2945, 0x2944, 0x2945, 0x2944, 0x2146, 0x1143, 0x1D45, 0x0786, 0x0725, 0x0745,
    0x0744, 0x0745, 0x0725, 0x0725, 0x0745, 0x0745, 0x0724, 0x0765, 0x0703, 0x36C7, 0xBF97, 0xFFFF,
    0xFFDF, 0xFFFF, 0xE7DC, 0xCF9A, 0xEFFD, 0xFFFF, 0xFFBF, 0xFFDF, 0xEFFE, 0x8F93, 0x2EC7, 0x0723,
    0x0763, 0x0724, 0x0723, 0x1F87, 0x2486, 0x18E3, 0x2145, 0x2144, 0x2945, 0x2944, 0x2946, 0x18E3,
    0x1424, 0x0F86, 0x0724, 0x0724, 0x0744, 0x0724, 0x0744, 0x0724, 0x0724, 0x0743, 0x0743, 0x0724,
    0x0765, 0x0722, 0x16C4, 0x9754, 0xF7FE, 0xFFFF, 0xFFDF, 0xFFFF, 0xFFFE, 0xFFDF, 0xFFDF, 0xF7FE,
    0xFFDF, 0xF7FE, 0x570C, 0x06E2, 0x0743, 0x0723, 0x0722, 0x3708, 0x2AC6, 0x20C4, 0x2145, 0x2944,
    0x2945, 0x2945, 0x2945, 0x2105, 0x0A42, 0x1E86, 0x0743, 0x0704, 0x0744, 0x0724, 0x0724, 0x0723,
    0x0723, 0x0723, 0x0723, 0x0723, 0x0723, 0x0743, 0x0742, 0x0EC3, 0x5F2C, 0xC7D9, 0xFFFF, 0xFFDF,
    0xFFDF, 0xFFFE, 0xFFDE, 0xFFDF, 0xFFFF, 0xBFD6, 0x26C5, 0x0722, 0x0F03, 0x0703, 0x0F63, 0x45A9,
    0x2125, 0x2144, 0x2145, 0x2144, 0x2944, 0x2944, 0x2945, 0x3126, 0x1122, 0x1484, 0x0F65, 0x0742,
    0x0723, 0x0703, 0x0723, 0x0723, 0x0723, 0x0723, 0x0723, 0x0723, 0x0723, 0x0703, 0x0723, 0x0742,
    0x0701, 0x1EC5, 0x774F, 0xCFD9, 0xFFFF, 0xFFFF, 0xFFFF, 0xFFFF, 0xB7B7, 0x36A6, 0x0700, 0x0722,
    0x0722, 0x0721, 0x2F26, 0x2B65, 0x20C3, 0x2945, 0x2924, 0x2945, 0x2944, 0x2944, 0x2945, 0x2965,
    0x2945, 0x1222, 0x1E46, 0x0762, 0x0702, 0x0722, 0x0722, 0x0722, 0x0722, 0x0722, 0x0722, 0x0722,
    0x0722, 0x0722, 0x0722, 0x0702, 0x0722, 0x0720, 0x0700, 0x16C3, 0x4F2A, 0x776F, 0x7F4F, 0x572B,
    0x1EE3, 0x0700, 0x0721, 0x0EE2, 0x0700, 0x1742, 0x3D68, 0x1123, 0x2925, 0x2945, 0x2925, 0x2124,
    0x2944, 0x2145, 0x2925, 0x2964, 0x3145, 0x2104, 0x13A3, 0x1723, 0x0701, 0x0721, 0x0721, 0x0721,
    0x0721, 0x0701, 0x0721, 0x0721, 0x0721, 0x0701, 0x0700, 0x0720, 0x0720, 0x0720, 0x0721, 0x0720,
    0x06E0, 0x06E0, 0x06E0, 0x0700, 0x0720, 0x0700, 0x0EE1, 0x0700, 0x0720, 0x3EA8, 0x2264, 0x20E4,
    0x2945, 0x2124, 0x2145, 0x2124, 0x2945, 0x2945, 0x2925, 0x2945, 0x2145, 0x3126, 0x1122, 0x14A3,
    0x0F62, 0x0700, 0x0701, 0x0700, 0x0720, 0x0700, 0x0700, 0x0720, 0x0700, 0x06E0, 0x0700, 0x0700,
    0x0700, 0x0700, 0x0700, 0x0700, 0x0700, 0x0700, 0x0700, 0x0720, 0x0700, 0x0EC1, 0x06E0, 0x0720,
    0x3706, 0x3387, 0x18C3, 0x3145, 0x2945, 0x2124, 0x2124, 0x2945, 0x2945, 0x2944, 0x2945, 0x2945,
    0x2164, 0x2945, 0x2905, 0x1182, 0x24E4, 0x0F41, 0x0700, 0x06E0, 0x0700, 0x0700, 0x0700, 0x06E0,
    0x0700, 0x0700, 0x0700, 0x0700, 0x0700, 0x0700, 0x0700, 0x0700, 0x0700, 0x0700, 0x06E0, 0x06E0,
    0x0700, 0x06E0, 0x0700, 0x3746, 0x3C07, 0x20A4, 0x2905, 0x2144, 0x2945, 0x2945, 0x2945, 0x2945,
    0x2945, 0x2144, 0x2944, 0x2925, 0x2945, 0x2144, 0x2945, 0x2905, 0x1963, 0x1CE4, 0x1722, 0x0720,
    0x06E0, 0x0EC1, 0x0700, 0x0700, 0x06E0, 0x06E0, 0x0700, 0x0700, 0x0700, 0x0700, 0x0700, 0x0700,
    0x0700, 0x0700, 0x06E0, 0x06E0, 0x0700, 0x0F21, 0x3EE7, 0x3BC8, 0x20E4, 0x3125, 0x2144, 0x2144,
    0x2945, 0x2945, 0x2945, 0x2945, 0x2944, 0x2944, 0x2945, 0x2945, 0x2945, 0x2945, 0x2144, 0x2945,
    0x2905, 0x2104, 0x23A4, 0x26A5, 0x0F41, 0x0700, 0x06E0, 0x06E0, 0x06E0, 0x06E0, 0x06E0, 0x06E0,
    0x06E0, 0x06E0, 0x06E0, 0x06E0, 0x06E0, 0x06E0, 0x06E0, 0x0700, 0x2724, 0x4E28, 0x2AA6, 0x20C4,
    0x2905, 0x2944, 0x2945, 0x2125, 0x2945, 0x2945, 0x2945, 0x2945, 0x2945, 0x2945, 0x2945, 0x2144,
    0x2945, 0x2945, 0x2145, 0x2945, 0x2144, 0x2946, 0x28C5, 0x2204, 0x2524, 0x1EE3, 0x0F41, 0x0720,
    0x0700, 0x06E0, 0x06C0, 0x06C0, 0x06C0, 0x06C0, 0x06E0, 0x06E0, 0x0700, 0x0740, 0x1F43, 0x3E87,
    0x4468, 0x2945, 0x20A4, 0x2965, 0x2144, 0x2925, 0x2124, 0x2144, 0x2945, 0x2945, 0x2945, 0x2945,
    0x2945, 0x2945, 0x2945, 0x2945, 0x2945, 0x2945, 0x2945, 0x2945, 0x2945, 0x2144, 0x2945, 0x28E5,
    0x2104, 0x2A66, 0x3446, 0x2E05, 0x26E3, 0x1762, 0x0F81, 0x0761, 0x0761, 0x0F61, 0x1762, 0x1F43,
    0x36C6, 0x3D87, 0x43E7, 0x29E5, 0x18C3, 0x2905, 0x2945, 0x2144, 0x2144, 0x2945, 0x2144, 0x2144,
    0x2945, 0x2945, 0x2945, 0x2945, 0x2945, 0x2945, 0x2945, 0x2945, 0x2945, 0x2945, 0x2945, 0x2945,
    0x2945, 0x2945, 0x2944, 0x2964, 0x2945, 0x28C5, 0x28C5, 0x2925, 0x3205, 0x3B47, 0x3C27, 0x3C86,
    0x3CA6, 0x3C67, 0x43E8, 0x3AE7, 0x31E6, 0x28E5, 0x20A4, 0x2104, 0x2945, 0x2945, 0x2164, 0x2144,
    0x2945, 0x2925, 0x2925, 0x2944, 0x2945, 0x2945, 0x2945, 0x2945, 0x2945, 0x2945, 0x2945, 0x2945,
    0x2945, 0x2945, 0x2945, 0x2945, 0x2945, 0x2145, 0x2125, 0x2925, 0x2925, 0x2945, 0x2965, 0x2925,
    0x20E5, 0x20A5, 0x20A5, 0x20C4, 0x20C4, 0x28A5, 0x28A5, 0x20C4, 0x2104, 0x2944, 0x2144, 0x2144,
    0x2144, 0x2144, 0x2144, 0x2925, 0x2925, 0x2925, 0x2144, 0x2144, 0x2945, 0x2945, 0x2945, 0x2945,
    0x2945, 0x2945, 0x2945, 0x2945, 0x2945, 0x2945, 0x2945, 0x2945, 0x2945, 0x2945, 0x2125, 0x2945,
    0x2945, 0x2945, 0x2944, 0x2945, 0x2965, 0x2965, 0x2965, 0x2144, 0x2164, 0x2185, 0x2985, 0x2144,
    0x2945, 0x2946, 0x2925, 0x2944, 0x2144, 0x2124, 0x2925, 0x2945, 0x2144, 0x2144, 0x2944, 0x2945,
    0x2945, 0x2945, 0x2945, 0x2945,
};

static const uint16_t icon2_data[1600] = {
    0x2945, 0x2945, 0x2945, 0x2945, 0x2945, 0x2945, 0x2945, 0x2945, 0x2945, 0x2945, 0x2944, 0x2945,
    0x2925, 0x2945, 0x2944, 0x2964, 0x2964, 0x2944, 0x2944, 0x2945, 0x2945, 0x2945, 0x2945, 0x2965,
    0x2945, 0x2945, 0x2925, 0x2945, 0x2945, 0x2945, 0x2945, 0x2945, 0x2945, 0x2945, 0x2945, 0x2945,
    0x2945, 0x2945, 0x2945, 0x2945, 0x2945, 0x2945, 0x2945, 0x2945, 0x2945, 0x2945, 0x2945, 0x2945,
    0x2945, 0x2945, 0x2165, 0x2944, 0x2945, 0x2945, 0x2125, 0x1905, 0x18E5, 0x1905, 0x1904, 0x1905,
    0x2104, 0x2104, 0x18E5, 0x1905, 0x1925, 0x2145, 0x2945, 0x2945, 0x2145, 0x2145, 0x2945, 0x2945,
    0x2945, 0x2945, 0x2945, 0x2945, 0x2945, 0x2945, 0x2945, 0x2945, 0x2945, 0x2945, 0x2945, 0x2945,
    0x2945, 0x2945, 0x2945, 0x2945, 0x2945, 0x2945, 0x2945, 0x2965, 0x1905, 0x18E5, 0x3164, 0x6223,
    0x8AE2, 0xB3A1, 0xBBE1, 0xC401, 0xC401, 0xBBE2, 0xA382, 0x82E2, 0x5A23, 0x3143, 0x18E4, 0x1905,
    0x2965, 0x2964, 0x2945, 0x2945, 0x2945, 0x2945, 0x2945, 0x2945, 0x2945, 0x2945, 0x2945, 0x2945,
    0x2945, 0x2945, 0x2945, 0x2945, 0x2145, 0x2944, 0x2945, 0x2145, 0x2944, 0x2965, 0x1926, 0x20E3,
    0x59E2, 0xAB81, 0xECA1, 0xFD00, 0xFD20, 0xFD00, 0xFD00, 0xFD00, 0xFCE0, 0xFD00, 0xFD00, 0xFD20,
    0xFD00, 0xDC81, 0x9B42, 0x49C3, 0x18E4, 0x2125, 0x2965, 0x2945, 0x2945, 0x2945, 0x2945, 0x2945,
    0x2945, 0x2944, 0x2945, 0x2945, 0x2945, 0x2945, 0x2945, 0x2945, 0x2945, 0x2145, 0x2144, 0x2945,
    0x2926, 0x18E4, 0x59E2, 0xBC01, 0xFD01, 0xFD00, 0xFCC0, 0xFCC0, 0xFCA0, 0xFCA0, 0xFCA0, 0xFCC0,
    0xFCC0, 0xFCA0, 0xFCA0, 0xFCA0, 0xFCC0, 0xFCE0, 0xFD00, 0xF4E1, 0xABA3, 0x49A3, 0x18E4, 0x2965,
    0x2944, 0x2145, 0x2165, 0x2945, 0x2945, 0x2944, 0x2945, 0x2945, 0x2945, 0x2945, 0x2145, 0x2925,
    0x2925, 0x2145, 0x2945, 0x2125, 0x2902, 0x9321, 0xFD00, 0xFD00, 0xFCA0, 0xFCA0, 0xFCC0, 0xFCC0,
    0xFCC0, 0xFCC0, 0xFCC0, 0xFCC0, 0xFCC0, 0xFCC0, 0xFCC0, 0xFCC0, 0xFCC0, 0xFCC0, 0xFCC0, 0xFCC0,
    0xFD20, 0xED02, 0x7AC3, 0x2104, 0x2145, 0x2945, 0x2945, 0x2945, 0x2945, 0x2145, 0x2144, 0x2945,
    0x2945, 0x2945, 0x2945, 0x2145, 0x2925, 0x2945, 0x2105, 0x3942, 0xBC02, 0xFD21, 0xFCA0, 0xFCC0,
    0xFCC0, 0xFCC0, 0xFCC0, 0xFCC0, 0xFCC0, 0xFCC0, 0xFCC0, 0xFCC0, 0xFCC0, 0xFCC0, 0xFCC0, 0xFCC0,
    0xFCC0, 0xFCC0, 0xFCC0, 0xFCE0, 0xFCA0, 0xFCC0, 0xFD21, 0xABA2, 0x2923, 0x2125, 0x2944, 0x2945,
    0x2145, 0x2945, 0x2945, 0x2945, 0x2945, 0x2945, 0x2145, 0x2144, 0x2944, 0x1925, 0x3942, 0xCC62,
    0xFD20, 0xFCA0, 0xFCC0, 0xFCC0, 0xFCC0, 0xFCC0, 0xFCC0, 0xFCC0, 0xFCC0, 0xFCE0, 0xFCE0, 0xFCC0,
    0xFCC0, 0xFCE0, 0xFCC0, 0xFCC0, 0xFCE0, 0xFCC0, 0xFCA0, 0xFCC0, 0xFCC0, 0xFCC0, 0xFCC0, 0xFD21,
    0xBBE2, 0x2923, 0x2125, 0x2944, 0x2945, 0x2945, 0x2924, 0x2945, 0x2945, 0x2945, 0x2924, 0x2944,
    0x2125, 0x3122, 0xC442, 0xFD00, 0xFCA0, 0xFCC0, 0xFCC0, 0xFCC0, 0xFCC0, 0xFCC0, 0xFCE0, 0xFCA0,
    0xFCA0, 0xFC80, 0xF4C0, 0xFCA0, 0xFCC1, 0xFC80, 0xFCA0, 0xFC80, 0xFCA0, 0xFCC0, 0xFCC0, 0xFCC0,
    0xFCC0, 0xFCC0, 0xFCC0, 0xFCA0, 0xFD21, 0xB3E3, 0x2903, 0x2145, 0x2945, 0x2925, 0x2925, 0x2945,
    0x2945, 0x2945, 0x2944, 0x2145, 0x20E3, 0xABA1, 0xFD20, 0xFC80, 0xFCC0, 0xFCC0, 0xFCA0, 0xFCC0,
    0xFCC0, 0xFCC0, 0xFCA0, 0xFD03, 0xFD68, 0xF58B, 0xF60F, 0xF5D0, 0xF5D0, 0xFE10, 0xEDAB, 0xFD87,
    0xFD02, 0xFC80, 0xFCC0, 0xFCC0, 0xFCC0, 0xFCC0, 0xFCC0, 0xFCC0, 0xFCA0, 0xFD22, 0x9323, 0x18E3,
    0x2965, 0x2924, 0x2945, 0x2945, 0x2945, 0x2945, 0x2945, 0x18E3, 0x7A82, 0xFD22, 0xFCA0, 0xFCC0,
    0xFCC0, 0xFCC0, 0xFCC0, 0xFCC0, 0xFCA0, 0xFCA1, 0xF58A, 0xF56F, 0xEC0B, 0xF551, 0xEBC9, 0xF3C8,
    0xDBA9, 0xEC2B, 0xF530, 0xEC2A, 0xF58D, 0xF5A9, 0xFCA0, 0xFCC0, 0xFCC0, 0xFCC0, 0xFCC0, 0xFCC0,
    0xFCC1, 0xFCC0, 0xF503, 0x6203, 0x18E4, 0x2945, 0x2945, 0x2945, 0x2124, 0x2945, 0x2125, 0x3962,
    0xDCA3, 0xFCE0, 0xFCC0, 0xFCC0, 0xFCC0, 0xFCC0, 0xFCE0, 0xFCA0, 0xF524, 0xF5CE, 0xF42A, 0xF260,
    0xF42A, 0xF408, 0xF260, 0xFC07, 0xE3E8, 0xF240, 0xF42A, 0xF3E8, 0xF281, 0xF46B, 0xFDAE, 0xF4E3,
    0xFCA0, 0xFCC0, 0xFCC0, 0xFCC0, 0xFCC0, 0xFCA0, 0xFCE0, 0xC442, 0x2923, 0x2146, 0x2944, 0x2945,
    0x2945, 0x2945, 0x20C2, 0x8AE2, 0xFD41, 0xFC80, 0xFCA0, 0xFCC0, 0xFCC0, 0xFCC0, 0xFCA0, 0xFD04,
    0xF58D, 0xEB05, 0xFA80, 0xF365, 0xF4CD, 0xF2E1, 0xFAC0, 0xF407, 0xE408, 0xFAC0, 0xF2E1, 0xF50E,
    0xEB43, 0xFA40, 0xEB45, 0xF5AD, 0xFCE3, 0xFCA0, 0xFCE0, 0xFCE0, 0xFCC0, 0xFCC0, 0xFCA0, 0xFD23,
    0x7282, 0x18E4, 0x2965, 0x2945, 0x2945, 0x2125, 0x3142, 0xDC81, 0xFCE0, 0xFCC0, 0xFCC0, 0xFCC0,
    0xFCC0, 0xFCC0, 0xFCC1, 0xF5CF, 0xF50F, 0xF3C7, 0xF2A1, 0xEC2A, 0xF365, 0xFA80, 0xFAA0, 0xFBE7,
    0xE407, 0xF2C0, 0xFA80, 0xEBC8, 0xF3E8, 0xF2C2, 0xF3E8, 0xED31, 0xF5AD, 0xF4C1, 0xFCC0, 0xFCC0,
    0xFCC0, 0xFCC0, 0xFCC0, 0xFCE0, 0xC423, 0x2904, 0x2945, 0x2945, 0x2944, 0x1904, 0x6A42, 0xFD01,
    0xFCA0, 0xFCC0, 0xFCC0, 0xFCC0, 0xFCC0, 0xF4A0, 0xF5CA, 0xEBC6, 0xEAE3, 0xF48B, 0xF4CE, 0xF5D3,
    0xEC2A, 0xFBC7, 0xF325, 0xFC2A, 0xEC4A, 0xF345, 0xF3C7, 0xF46B, 0xF593, 0xECCE, 0xF48B, 0xF2A2,
    0xF3E9, 0xF5AB, 0xFC80, 0xFCC0, 0xFCC0, 0xFCC0, 0xFCC0, 0xFCC0, 0xF504, 0x51E3, 0x1924, 0x2945,
    0x2945, 0x18E3, 0xAB82, 0xFD01, 0xFCA0, 0xFCE0, 0xFCE0, 0xFCC0, 0xFCA0, 0xFD04, 0xED2D, 0xF2C0,
    0xFAE0, 0xFA80, 0xEB86, 0xF4ED, 0xEBC8, 0xF48B, 0xF48C, 0xF530, 0xED31, 0xF48C, 0xF46B, 0xF3A9,
    0xF530, 0xF345, 0xFA80, 0xFB00, 0xEAE2, 0xFD2D, 0xF503, 0xFCA0, 0xFCC0, 0xFCC0, 0xFCC0, 0xFCA0,
    0xFD22, 0x8B03, 0x18E5, 0x2945, 0x2126, 0x3122, 0xD461, 0xFD00, 0xFCC0, 0xFCC0, 0xFCC0, 0xFCC0,
    0xFCA0, 0xF5AA, 0xF3C6, 0xFAC0, 0xFB00, 0xFAC0, 0xEC28, 0xF3E7, 0xFA60, 0xFAA0, 0xFA60, 0xFBC7,
    0xE3C7, 0xF280, 0xFAA0, 0xFA60, 0xEC49, 0xFBA6, 0xFAE0, 0xFB01, 0xFAA0, 0xF408, 0xF5CA, 0xFCA0,
    0xFCC0, 0xFCC0, 0xFCC0, 0xFCA0, 0xFD00, 0xB404, 0x20C4, 0x2945, 0x2125, 0x4182, 0xF4A1, 0xFCC0,
    0xFCE0, 0xFCC0, 0xFCC0, 0xFCC0, 0xF4C1, 0xF58D, 0xF2E2, 0xFAE0, 0xFB01, 0xFAA0, 0xF48B, 0xEBC8,
    0xFAC0, 0xFB00, 0xF2C0, 0xF408, 0xEC08, 0xFAE0, 0xFB21, 0xFAC0, 0xE3E8, 0xF408, 0xFAA0, 0xFB01,
    0xFAE0, 0xEB24, 0xF56B, 0xFCA0, 0xFCC0, 0xFCC0, 0xFCC0, 0xFCC0, 0xFCE0, 0xCC84, 0x2923, 0x2145,
    0x1904, 0x51E2, 0xF4E1, 0xFCC0, 0xFCC0, 0xFCC0, 0xFCC0, 0xFCC0, 0xFD03, 0xED0C, 0xF280, 0xFAC0,
    0xFAC0, 0xFA60, 0xF48A, 0xEB64, 0xFAA0, 0xFAE0, 0xFAA0, 0xF3C7, 0xE3C7, 0xF2A0, 0xFAE0, 0xFAA0,
    0xEB87, 0xF42A, 0xF2A0, 0xFAC0, 0xFAC0, 0xEAA1, 0xF52B, 0xED03, 0xFCA0, 0xFCC0, 0xFCC0, 0xFCC0,
    0xFCC0, 0xE4C4, 0x3963, 0x2124, 0x20E3, 0x6222, 0xFD01, 0xFCA0, 0xFCA0, 0xFCA0, 0xFCA0, 0xFCA0,
    0xFD04, 0xECED, 0xEB24, 0xFB65, 0xFB65, 0xFB04, 0xF4CC, 0xEBC7, 0xFB24, 0xFB65, 0xF323, 0xF46A,
    0xEC4B, 0xF324, 0xFB65, 0xF344, 0xEC09, 0xF4AD, 0xEB24, 0xFB65, 0xFB64, 0xF325, 0xF52D, 0xED04,
    0xFCA0, 0xFCA0, 0xFCA0, 0xFCA0, 0xFCA0, 0xECE4, 0x4183, 0x2124, 0x20E3, 0x6A22, 0xFD02, 0xFCA0,
    0xFCA0, 0xFCA0, 0xFCA0, 0xFC80, 0xFCE4, 0xED50, 0xF46C, 0xFC8C, 0xF48C, 0xFC4B, 0xF551, 0xECAE,
    0xFC8B, 0xF4AC, 0xF44B, 0xF510, 0xECF0, 0xF44B, 0xFC8C, 0xF46C, 0xECEF, 0xF552, 0xEC4B, 0xF48C,
    0xF48D, 0xF44C, 0xF5AF, 0xECE4, 0xFC80, 0xFCA0, 0xFCA0, 0xFCA0, 0xFCA0, 0xECE4, 0x49A4, 0x2124,
    0x20E4, 0x6202, 0xFCE1, 0xFC80, 0xFC80, 0xFC80, 0xFC80, 0xFC60, 0xFCE3, 0xECAB, 0xEA80, 0xFAA0,
    0xFAA0, 0xFA60, 0xFC49, 0xEB23, 0xFA80, 0xFAC0, 0xFA60, 0xF3C7, 0xEBA7, 0xFA60, 0xFAA0, 0xFA80,
    0xF366, 0xF42B, 0xEA80, 0xFAA0, 0xFAA0, 0xF260, 0xF4EB, 0xECE4, 0xFC80, 0xFC80, 0xFC80, 0xFCA0,
    0xFC80, 0xECC4, 0x4184, 0x2124, 0x1904, 0x51C2, 0xF4A1, 0xFC60, 0xFC60, 0xFC80, 0xFC80, 0xFC60,
    0xFCA2, 0xF54D, 0xF2E1, 0xFB00, 0xFB21, 0xFAA0, 0xF4AC, 0xEBC7, 0xFAC0, 0xFB00, 0xFAC0, 0xFC08,
    0xE408, 0xFAC0, 0xFB00, 0xFAC0, 0xEBC7, 0xF429, 0xF2E0, 0xFB00, 0xFB00, 0xEB03, 0xF52C, 0xF482,
    0xFC60, 0xFC80, 0xFC60, 0xFC80, 0xFC80, 0xDC85, 0x3144, 0x2124, 0x1925, 0x4182, 0xEC41, 0xFC60,
    0xFC40, 0xFC60, 0xFC60, 0xFC60, 0xF441, 0xF58D, 0xF323, 0xFAE0, 0xFB00, 0xFAA0, 0xF46A, 0xF3E9,
    0xFAA0, 0xFB00, 0xFAA0, 0xFBE7, 0xE3E7, 0xFAA0, 0xFB00, 0xFAC0, 0xE409, 0xFBC6, 0xFAC0, 0xFB00,
    0xFAA0, 0xEBA6, 0xFD4B, 0xFC20, 0xFC60, 0xFC60, 0xFC40, 0xFC40, 0xFC80, 0xC425, 0x2104, 0x2945,
    0x2166, 0x2923, 0xD3C1, 0xFC61, 0xFC40, 0xFC40, 0xFC20, 0xFC40, 0xFC20, 0xFD07, 0xEC6A, 0xFAA0,
    0xFB00, 0xFAC0, 0xEBC7, 0xF407, 0xFA60, 0xFAE1, 0xFAC1, 0xFC09, 0xE3E9, 0xFAC1, 0xFAC1, 0xF260,
    0xF46A, 0xF365, 0xFAA0, 0xFB20, 0xF2A0, 0xFCA9, 0xF507, 0xFC00, 0xFC40, 0xFC40, 0xFC20, 0xFC20,
    0xFC81, 0xAB84, 0x18E5, 0x2945, 0x2145, 0x20E2, 0xA323, 0xFC61, 0xFC20, 0xFC00, 0xFC20, 0xFC20,
    0xFC00, 0xF422, 0xF56E, 0xF303, 0xFAA0, 0xFAA0, 0xEBC8, 0xF591, 0xF46C, 0xF4EE, 0xF4CE, 0xFD51,
    0xED51, 0xF4CE, 0xF4EE, 0xF44B, 0xF591, 0xEBA7, 0xFA80, 0xFA80, 0xEB65, 0xF56B, 0xF421, 0xFC20,
    0xFC20, 0xFC20, 0xFC20, 0xFC00, 0xFC83, 0x7AA5, 0x18E4, 0x2945, 0x2945, 0x1904, 0x6203, 0xFC40,
    0xFBE0, 0xFC00, 0xFC00, 0xFC00, 0xFC00, 0xFBE0, 0xF486, 0xF4ED, 0xEB66, 0xF4EE, 0xF48D, 0xF571,
    0xF3A8, 0xFB02, 0xF281, 0xFBE8, 0xE3C8, 0xF2A1, 0xFAE2, 0xEC09, 0xFD30, 0xECAE, 0xF4EE, 0xE366,
    0xF4CC, 0xEC86, 0xFBE0, 0xFC00, 0xFC00, 0xFC00, 0xFC00, 0xFC00, 0xEC65, 0x4184, 0x2125, 0x2945,
    0x2924, 0x2145, 0x2903, 0xD382, 0xFC00, 0xFBE0, 0xFBE0, 0xFBE0, 0xFBE0, 0xFBE0, 0xF3C0, 0xF50A,
    0xF5B2, 0xF2C4, 0xFA60, 0xEBE7, 0xF409, 0xF2A0, 0xFAC0, 0xF3E7, 0xE3E8, 0xFAC0, 0xFA80, 0xF48B,
    0xF386, 0xFA40, 0xEB25, 0xF613, 0xECCA, 0xFBA0, 0xFBE0, 0xFBE0, 0xFBE0, 0xFBE0, 0xFBC0, 0xFC42,
    0xA366, 0x1904, 0x2945, 0x2945, 0x2924, 0x2945, 0x18E3, 0x8243, 0xFC21, 0xFBC0, 0xFBC0, 0xFBC0,
    0xFBE0, 0xFBC0, 0xFBC0, 0xFB80, 0xF4C9, 0xF48C, 0xF2E2, 0xF280, 0xF4CD, 0xEB24, 0xFAA0, 0xFC09,
    0xE408, 0xF280, 0xF365, 0xFCCB, 0xEA80, 0xF323, 0xF4AC, 0xECC9, 0xF380, 0xFBE0, 0xFBE0, 0xFBC0,
    0xFBC0, 0xFBE0, 0xFBA0, 0xF445, 0x51E4, 0x1925, 0x2944, 0x2945, 0x2945, 0x2944, 0x2145, 0x3122,
    0xD382, 0xFBC0, 0xF3A0, 0xF3A0, 0xF3A0, 0xFBA0, 0xFBA0, 0xF3A0, 0xF380, 0xF468, 0xF52F, 0xEBE8,
    0xEB68, 0xF4AD, 0xEA80, 0xFBA6, 0xE386, 0xEAA1, 0xF4AD, 0xF347, 0xF409, 0xF52F, 0xEC67, 0xF360,
    0xFBA0, 0xF3A0, 0xF3C0, 0xF3C0, 0xF3C0, 0xF380, 0xFC01, 0xAB66, 0x1904, 0x2945, 0x2945, 0x2945,
    0x2945, 0x2945, 0x2965, 0x1904, 0x69C3, 0xF3E2, 0xF380, 0xF3A0, 0xFB81, 0xF3A0, 0xF3A0, 0xF381,
    0xFBA1, 0xF360, 0xEBA2, 0xF4EB, 0xECED, 0xED91, 0xF591, 0xF4EF, 0xED0F, 0xFDB2, 0xE570, 0xECCE,
    0xECEA, 0xEBA2, 0xF360, 0xF3A0, 0xEBA1, 0xF3A0, 0xF380, 0xF3A1, 0xF3A0, 0xF380, 0xDC27, 0x39A5,
    0x2125, 0x2945, 0x2145, 0x2945, 0x2945, 0x2945, 0x2944, 0x2145, 0x20E3, 0x92A3, 0xFBC3, 0xF361,
    0xEB81, 0xEB61, 0xF382, 0xF381, 0xF361, 0xEB82, 0xF361, 0xEB20, 0xEB82, 0xF3A4, 0xEC48, 0xF46A,
    0xEC8A, 0xEC28, 0xEBA3, 0xEB81, 0xEB40, 0xF361, 0xEB82, 0xEB81, 0xF361, 0xF362, 0xEB82, 0xF382,
    0xEB41, 0xF406, 0x6A46, 0x1104, 0x2965, 0x2144, 0x2944, 0x2945, 0x2945, 0x2945, 0x2945, 0x2945,
    0x2125, 0x2903, 0xB305, 0xF383, 0xEB41, 0xEB62, 0xEB62, 0xEB62, 0xF362, 0xEB42, 0xEB62, 0xEB62,
    0xEB62, 0xEB62, 0xEB21, 0xEB20, 0xEB21, 0xEB41, 0xEB41, 0xEB62, 0xEB62, 0xEB62, 0xEB62, 0xEB62,
    0xEB62, 0xEB63, 0xEB62, 0xEB21, 0xF406, 0x8AE7, 0x18E4, 0x2945, 0x2944, 0x2145, 0x2944, 0x2945,
    0x2945, 0x2945, 0x2145, 0x2944, 0x2944, 0x1925, 0x2903, 0xAB05, 0xF3A3, 0xEB41, 0xEB42, 0xEB62,
    0xEB42, 0xEB42, 0xEB42, 0xEB42, 0xEB42, 0xEB63, 0xEB63, 0xEB63, 0xEB63, 0xEB63, 0xEB63, 0xEB62,
    0xEB42, 0xEB42, 0xEB62, 0xEB62, 0xEB63, 0xEB43, 0xF322, 0xF406, 0x8AE8, 0x18E4, 0x2964, 0x2944,
    0x2945, 0x2945, 0x2145, 0x2945, 0x2945, 0x2945, 0x2945, 0x2945, 0x2125, 0x2944, 0x2125, 0x2923,
    0x9AC5, 0xF3A3, 0xF342, 0xEB42, 0xEB63, 0xEB43, 0xEB43, 0xEB43, 0xEB43, 0xEB43, 0xEB42, 0xEB42,
    0xEB42, 0xEB42, 0xEB42, 0xEB42, 0xEB43, 0xEB43, 0xEB43, 0xEB42, 0xEB21, 0xEB62, 0xE407, 0x7AA7,
    0x1904, 0x2945, 0x2944, 0x2145, 0x2945, 0x2945, 0x2145, 0x2945, 0x2945, 0x2945, 0x2945, 0x2944,
    0x2944, 0x2145, 0x2944, 0x2145, 0x1904, 0x7245, 0xDB85, 0xF383, 0xEB22, 0xEB43, 0xEB43, 0xEB62,
    0xEB43, 0xEB43, 0xEB43, 0xEB43, 0xEB43, 0xEB43, 0xEB43, 0xEB43, 0xEB43, 0xEB43, 0xEB22, 0xF342,
    0xF3A4, 0xCBC8, 0x4A06, 0x10E4, 0x2945, 0x2945, 0x2145, 0x2944, 0x2145, 0x2145, 0x2945, 0x2945,
    0x2945, 0x2945, 0x2945, 0x2945, 0x2944, 0x2945, 0x2124, 0x2945, 0x2945, 0x1904, 0x3965, 0x92C6,
    0xE385, 0xFB83, 0xF362, 0xEB22, 0xEB22, 0xE343, 0xE343, 0xEB43, 0xEB23, 0xEB23, 0xEB23, 0xE322,
    0xEB22, 0xF362, 0xF3C4, 0xD3C7, 0x7AC8, 0x2945, 0x1904, 0x2965, 0x2945, 0x2945, 0x2945, 0x2945,
    0x2945, 0x2945, 0x2945, 0x2945, 0x2945, 0x2945, 0x2945, 0x2945, 0x2945, 0x2945, 0x2124, 0x2945,
    0x2945, 0x2965, 0x2124, 0x1904, 0x3986, 0x82A6, 0xC346, 0xE385, 0xF384, 0xFB84, 0xFB83, 0xFB62,
    0xFB62, 0xFB83, 0xF384, 0xF3A5, 0xDBA6, 0xB368, 0x6AA8, 0x2965, 0x1104, 0x2145, 0x2945, 0x2925,
    0x2945, 0x2945, 0x2945, 0x2945, 0x2945, 0x2945, 0x2945, 0x2945, 0x2945, 0x2945, 0x2945, 0x2945,
    0x2945, 0x2945, 0x2945, 0x2125, 0x2945, 0x2945, 0x2945, 0x2165, 0x2144, 0x18E4, 0x2126, 0x39A6,
    0x5A26, 0x7A87, 0x8AE7, 0x9307, 0x92E6, 0x8AE7, 0x6A88, 0x5207, 0x31A7, 0x1925, 0x1905, 0x2124,
    0x2945, 0x2945, 0x2945, 0x2945, 0x2945, 0x2945, 0x2945, 0x2945, 0x2945, 0x2945, 0x2945, 0x2945,
    0x2945, 0x2945, 0x2945, 0x2945, 0x2124, 0x2945, 0x2945, 0x2945, 0x2945, 0x2945, 0x2945, 0x2945,
    0x2945, 0x2944, 0x2944, 0x2104, 0x1904, 0x1104, 0x1104, 0x1105, 0x1104, 0x10E4, 0x1104, 0x1904,
    0x2124, 0x2944, 0x2945, 0x2945, 0x2945, 0x2944, 0x2945, 0x2145, 0x2945, 0x2925, 0x2925, 0x2945,
    0x2945, 0x2145, 0x2145, 0x2145,
};

static const uint16_t icon3_data[1600] = {
    0x2145, 0x2164, 0x2944, 0x2925, 0x2925, 0x2124, 0x2124, 0x2124, 0x2104, 0x2945, 0x2145, 0x2945,
    0x2944, 0x2924, 0x2945, 0x2145, 0x1945, 0x1125, 0x1924, 0x1924, 0x1924, 0x1924, 0x1924, 0x1124,
    0x1124, 0x1924, 0x2124, 0x2945, 0x2945, 0x2924, 0x2925, 0x2145, 0x2125, 0x2944, 0x2945, 0x2945,
    0x2945, 0x2945, 0x2945, 0x2945, 0x2145, 0x2144, 0x2944, 0x2144, 0x2945, 0x2945, 0x2125, 0x2145,
    0x2945, 0x2965, 0x2145, 0x2125, 0x2965, 0x2145, 0x1924, 0x1104, 0x3124, 0x5984, 0x8184, 0x9964,
    0xA964, 0xA964, 0x9984, 0x8984, 0x7184, 0x5185, 0x2924, 0x1904, 0x1924, 0x2945, 0x2945, 0x2104,
    0x2945, 0x2945, 0x2944, 0x2945, 0x2945, 0x2945, 0x2945, 0x2124, 0x2945, 0x2945, 0x2945, 0x2945,
    0x2945, 0x2945, 0x2965, 0x2144, 0x2145, 0x2924, 0x2945, 0x2145, 0x1905, 0x28E4, 0x5944, 0xAA26,
    0xE2A7, 0xF288, 0xFC2E, 0xFE36, 0xFE37, 0xFE58, 0xFE78, 0xFCB0, 0xFA88, 0xF288, 0xD287, 0x9206,
    0x4964, 0x1904, 0x1925, 0x2945, 0x2924, 0x2125, 0x2145, 0x2945, 0x2945, 0x2945, 0x2945, 0x2124,
    0x2945, 0x2945, 0x2945, 0x2945, 0x2945, 0x2945, 0x2144, 0x2944, 0x2924, 0x2945, 0x1945, 0x2103,
    0x6184, 0xBA47, 0xFAC8, 0xFAA8, 0xFA87, 0xF246, 0xF3ED, 0xECF2, 0xEC90, 0xECB1, 0xECF2, 0xF40E,
    0xF287, 0xFAA7, 0xFAA7, 0xFAC8, 0xEAA8, 0xAA27, 0x4964, 0x1924, 0x2145, 0x3125, 0x2945, 0x2945,
    0x2945, 0x2945, 0x2945, 0x2124, 0x2945, 0x2945, 0x2945, 0x2945, 0x2945, 0x2945, 0x2925, 0x2125,
    0x2145, 0x2124, 0x38E3, 0x9A06, 0xF2C8, 0xFAA7, 0xFA86, 0xF2A7, 0xFA87, 0xEAA7, 0xF533, 0xFE99,
    0xFE78, 0xF678, 0xF699, 0xFD95, 0xEAA8, 0xFA87, 0xFA88, 0xFA88, 0xFA87, 0xFAC7, 0xE2E8, 0x81C5,
    0x30E3, 0x1945, 0x2945, 0x2945, 0x2945, 0x2945, 0x2945, 0x2124, 0x2945, 0x2945, 0x2945, 0x2945,
    0x2945, 0x2945, 0x2125, 0x2165, 0x1904, 0x4903, 0xC288, 0xFAE9, 0xFA87, 0xFA87, 0xFA87, 0xFAA7,
    0xFAA7, 0xE267, 0xF616, 0xFFFF, 0xFFFF, 0xFFFF, 0xFFFF, 0xFEB9, 0xEA88, 0xF2A7, 0xFA87, 0xFA88,
    0xFA87, 0xFA87, 0xFA87, 0xFAEA, 0xA247, 0x3903, 0x2104, 0x2945, 0x2124, 0x2924, 0x2945, 0x2125,
    0x2945, 0x2945, 0x2945, 0x2945, 0x2945, 0x2945, 0x2165, 0x2104, 0x5923, 0xCAA8, 0xFAC8, 0xFA87,
    0xFAA8, 0xFAA8, 0xFAA8, 0xFA87, 0xFAA7, 0xEA87, 0xEBAC, 0xFD33, 0xF513, 0xF534, 0xF553, 0xF40E,
    0xF267, 0xFAA7, 0xFAA8, 0xFAA8, 0xFAA7, 0xFAA7, 0xFA86, 0xFA87, 0xFB09, 0xBA67, 0x3104, 0x2125,
    0x2924, 0x2924, 0x2945, 0x2144, 0x2945, 0x2945, 0x2945, 0x2945, 0x2945, 0x2945, 0x2103, 0x40C2,
    0xC247, 0xFAA8, 0xFA25, 0xFA66, 0xFA66, 0xFA46, 0xFA46, 0xFA66, 0xFA46, 0xFA46, 0xFA04, 0xF9E4,
    0xF9C4, 0xF9A4, 0xF1C4, 0xFA05, 0xFA45, 0xFA46, 0xFA46, 0xFA47, 0xFA46, 0xFA66, 0xFA25, 0xFA46,
    0xFA26, 0xFAC8, 0xAA46, 0x30A1, 0x2124, 0x2145, 0x2125, 0x2925, 0x2945, 0x2945, 0x2945, 0x2945,
    0x2945, 0x2124, 0x30E3, 0xAB2B, 0xF3AD, 0xF34B, 0xF36B, 0xEB6B, 0xF36C, 0xF34B, 0xF36B, 0xF38C,
    0xEB6C, 0xF34B, 0xF34B, 0xF38C, 0xF38B, 0xF38B, 0xF38C, 0xF38C, 0xEB6B, 0xEB8B, 0xF36B, 0xF36B,
    0xF36C, 0xF36C, 0xF36C, 0xEB6B, 0xEB6B, 0xEB6B, 0xF3CD, 0x8ACA, 0x20E2, 0x2944, 0x2124, 0x2125,
    0x2945, 0x2945, 0x2945, 0x2945, 0x2945, 0x20E3, 0x130E, 0x361D, 0x359C, 0x35BC, 0x2DDC, 0x2DBC,
    0x2DBD, 0x2DBD, 0x2DDD, 0x2DBC, 0x2DBC, 0x25DC, 0x2D9C, 0x2D9D, 0x2DBC, 0x2DDC, 0x2DBC, 0x2DBD,
    0x2DDC, 0x2DBC, 0x2DDC, 0x2DDC, 0x2DDC, 0x25BC, 0x2DBC, 0x2DBC, 0x2DBC, 0x2D9C, 0x35DB, 0x3DBB,
    0x122B, 0x20C3, 0x2945, 0x2145, 0x2144, 0x2924, 0x2945, 0x2925, 0x2124, 0x09A8, 0x1496, 0x053B,
    0x04FB, 0x051B, 0x051B, 0x04FA, 0x04FA, 0x051A, 0x051A, 0x04FA, 0x04FA, 0x04F9, 0x053B, 0x051B,
    0x04FA, 0x053A, 0x051A, 0x051A, 0x04FA, 0x04FA, 0x04FA, 0x051A, 0x051A, 0x051A, 0x04FA, 0x04FA,
    0x051A, 0x051A, 0x051A, 0x053B, 0x2435, 0x1146, 0x2924, 0x2124, 0x2145, 0x2925, 0x2145, 0x2945,
    0x1904, 0x0B50, 0x0D5B, 0x051A, 0x053B, 0x053A, 0x053B, 0x053A, 0x053A, 0x053A, 0x053A, 0x053A,
    0x055B, 0x053C, 0x04D9, 0x3DDB, 0x45DC, 0x04B9, 0x053A, 0x051B, 0x053B, 0x051A, 0x053A, 0x051A,
    0x051A, 0x051A, 0x051A, 0x051A, 0x051A, 0x053A, 0x053A, 0x053A, 0x1D3A, 0x1A8D, 0x20E3, 0x2944,
    0x2925, 0x2146, 0x2145, 0x2923, 0x1166, 0x14B7, 0x055B, 0x051A, 0x051A, 0x051A, 0x051A, 0x053A,
    0x053A, 0x053A, 0x053A, 0x053B, 0x051B, 0x0CFA, 0x2D9B, 0x2D19, 0x8EDD, 0x4D7A, 0x1CFA, 0x151B,
    0x051B, 0x051B, 0x051A, 0x051A, 0x051A, 0x051A, 0x051A, 0x051A, 0x051A, 0x051A, 0x053A, 0x053B,
    0x0D7C, 0x1C13, 0x1104, 0x3125, 0x2925, 0x2145, 0x2944, 0x20E4, 0x0A8C, 0x153A, 0x051B, 0x051A,
    0x051A, 0x051A, 0x051A, 0x053A, 0x053A, 0x053A, 0x053A, 0x053B, 0x053B, 0x04B8, 0x86BC, 0xBF3E,
    0xDF5E, 0xD77E, 0xBF1E, 0x7E7C, 0x04F9, 0x051A, 0x051A, 0x051A, 0x051A, 0x051A, 0x051A, 0x051A,
    0x051A, 0x051B, 0x053B, 0x053B, 0x053B, 0x1CD8, 0x11C8, 0x2904, 0x2944, 0x2144, 0x3145, 0x1904,
    0x0B91, 0x0D5C, 0x051B, 0x053A, 0x053A, 0x053A, 0x053A, 0x053A, 0x053A, 0x053A, 0x053A, 0x053A,
    0x053A, 0x0CDA, 0x3D9A, 0x455A, 0x9EDD, 0x5DBA, 0x2D3A, 0x255B, 0x04FA, 0x051A, 0x051A, 0x051A,
    0x051A, 0x051A, 0x051A, 0x051A, 0x051A, 0x053A, 0x053B, 0x051A, 0x04FA, 0x1D5A, 0x1ACD, 0x18C3,
    0x2944, 0x2925, 0x2925, 0x1945, 0x0C75, 0x055C, 0x051B, 0x053B, 0x053B, 0x053B, 0x053B, 0x053B,
    0x053B, 0x053B, 0x053B, 0x051B, 0x051B, 0x053A, 0x04D9, 0x2D9C, 0x45DC, 0x0CB8, 0x051A, 0x051B,
    0x053B, 0x053A, 0x053A, 0x053A, 0x053A, 0x053A, 0x053A, 0x053A, 0x053A, 0x053A, 0x051B, 0x053A,
    0x051A, 0x0D7A, 0x2391, 0x18A3, 0x2944, 0x2945, 0x2124, 0x1968, 0x14B8, 0x053B, 0x051A, 0x051A,
    0x051A, 0x051A, 0x051A, 0x051A, 0x051A, 0x051A, 0x051A, 0x051A, 0x053A, 0x051A, 0x053A, 0x0D5B,
    0x051A, 0x053A, 0x053A, 0x053A, 0x053A, 0x053A, 0x053A, 0x053A, 0x053A, 0x053A, 0x053A, 0x053A,
    0x053A, 0x053A, 0x053A, 0x055A, 0x051A, 0x057C, 0x2413, 0x20E4, 0x2925, 0x2945, 0x2124, 0x11A9,
    0x14FA, 0x053C, 0x0CFC, 0x051C, 0x051C, 0x051C, 0x051C, 0x04FC, 0x04FC, 0x04FC, 0x04FC, 0x051C,
    0x04FC, 0x0D1C, 0x04FC, 0x04FC, 0x051D, 0x04FC, 0x04FC, 0x0D1C, 0x051C, 0x04FC, 0x04FC, 0x04FC,
    0x04FC, 0x04FC, 0x04FC, 0x04FC, 0x04FC, 0x04FC, 0x051C, 0x04FC, 0x0CFD, 0x0D5D, 0x2C56, 0x2106,
    0x2944, 0x2925, 0x2104, 0x2A26, 0x3E30, 0x3670, 0x3E50, 0x3670, 0x3670, 0x3670, 0x3670, 0x3670,
    0x3670, 0x3670, 0x3670, 0x3670, 0x366F, 0x3670, 0x3650, 0x3650, 0x3670, 0x3670, 0x3690, 0x366F,
    0x3670, 0x3670, 0x3670, 0x3670, 0x3670, 0x3670, 0x3670, 0x3670, 0x3670, 0x3670, 0x3670, 0x3650,
    0x3E70, 0x36B0, 0x456F, 0x1924, 0x2144, 0x2145, 0x2124, 0x1A22, 0x1E22, 0x0EA0, 0x0E60, 0x0E80,
    0x0E80, 0x0E80, 0x0E80, 0x0E60, 0x0E60, 0x0E60, 0x0E60, 0x0E60, 0x0E60, 0x0680, 0x0640, 0x0640,
    0x0680, 0x0640, 0x0640, 0x0E80, 0x0E80, 0x0E60, 0x0E60, 0x0E60, 0x0E60, 0x0E60, 0x0E60, 0x0E60,
    0x0E60, 0x0E60, 0x0E60, 0x0E60, 0x0E60, 0x0EA0, 0x3545, 0x1943, 0x2944, 0x2145, 0x2124, 0x19E3,
    0x1602, 0x0680, 0x0640, 0x0660, 0x0660, 0x0660, 0x0660, 0x0640, 0x0640, 0x0640, 0x0640, 0x0660,
    0x0661, 0x0620, 0x566A, 0x6F0E, 0x2DC6, 0x66ED, 0x56CB, 0x0E02, 0x0640, 0x0640, 0x0640, 0x0640,
    0x0640, 0x0660, 0x0660, 0x0660, 0x0660, 0x0660, 0x0640, 0x0640, 0x0640, 0x0EA1, 0x34E5, 0x1904,
    0x2944, 0x2144, 0x2145, 0x1983, 0x1582, 0x0680, 0x0640, 0x0660, 0x0660, 0x0660, 0x0660, 0x0660,
    0x0660, 0x0660, 0x0660, 0x0660, 0x0640, 0x2E24, 0xB756, 0xBEB7, 0xA714, 0x9F13, 0xAF54, 0x3E27,
    0x0620, 0x0660, 0x0660, 0x0660, 0x0660, 0x0660, 0x0660, 0x0660, 0x0660, 0x0660, 0x0660, 0x0640,
    0x0640, 0x1682, 0x2C65, 0x18C3, 0x2925, 0x2145, 0x2945, 0x1923, 0x14C1, 0x0E81, 0x0640, 0x0640,
    0x0640, 0x0640, 0x0640, 0x0660, 0x0660, 0x0660, 0x0660, 0x0660, 0x0640, 0x1622, 0x6F0D, 0x8711,
    0x45A8, 0x774D, 0x7F2E, 0x25E4, 0x0660, 0x0660, 0x0660, 0x0660, 0x0660, 0x0640, 0x0640, 0x0640,
    0x0640, 0x0640, 0x0660, 0x0640, 0x0620, 0x2664, 0x2BA5, 0x18C3, 0x2925, 0x2925, 0x2925, 0x18E3,
    0x0400, 0x0E61, 0x0640, 0x0640, 0x0640, 0x0640, 0x0640, 0x0660, 0x0660, 0x0660, 0x0660, 0x0660,
    0x0660, 0x0640, 0x2604, 0x8770, 0x9732, 0x8F31, 0x5DEB, 0x7F4F, 0x2E26, 0x0620, 0x0660, 0x0660,
    0x0660, 0x0640, 0x0640, 0x0640, 0x0640, 0x0640, 0x0640, 0x0640, 0x0620, 0x2E45, 0x1282, 0x20C4,
    0x2144, 0x2945, 0x2124, 0x2123, 0x12A2, 0x1602, 0x0660, 0x0640, 0x0660, 0x0660, 0x0640, 0x0640,
    0x0640, 0x0640, 0x0640, 0x0640, 0x0660, 0x0E00, 0x3E28, 0xEFFD, 0xFFFF, 0xE7DC, 0xA673, 0xC7F8,
    0x2DE7, 0x0620, 0x0E40, 0x0660, 0x0640, 0x0640, 0x0640, 0x0640, 0x0620, 0x0640, 0x0640, 0x0660,
    0x0E60, 0x3567, 0x1143, 0x2904, 0x2925, 0x2925, 0x2144, 0x2925, 0x1162, 0x1542, 0x06A0, 0x0620,
    0x0640, 0x0640, 0x0640, 0x0640, 0x0660, 0x0640, 0x0660, 0x0660, 0x0660, 0x0620, 0x2644, 0x8F72,
    0xA734, 0x8F71, 0x45C8, 0x5EEB, 0x2644, 0x0620, 0x0E40, 0x0640, 0x0640, 0x0640, 0x0640, 0x0640,
    0x0640, 0x0640, 0x0640, 0x0640, 0x2664, 0x33E6, 0x18C3, 0x2924, 0x2905, 0x2925, 0x2144, 0x2905,
    0x18E4, 0x0B81, 0x0E62, 0x0660, 0x0660, 0x0660, 0x0660, 0x0660, 0x0660, 0x0640, 0x0660, 0x0640,
    0x0660, 0x0660, 0x0660, 0x0641, 0x0601, 0x0640, 0x0660, 0x0640, 0x0640, 0x0660, 0x0660, 0x0660,
    0x0660, 0x0680, 0x0640, 0x0660, 0x0660, 0x0660, 0x0660, 0x0661, 0x35E8, 0x1A03, 0x28E4, 0x2145,
    0x2924, 0x2925, 0x2125, 0x2124, 0x2925, 0x1182, 0x5D04, 0x6600, 0x5E01, 0x5DC0, 0x5DE0, 0x55E0,
    0x55E0, 0x55C0, 0x55E0, 0x5DC0, 0x6DE0, 0x4DE0, 0x65C0, 0x65C1, 0x5601, 0x5DE0, 0x5DE0, 0x5600,
    0x5DC0, 0x5DE0, 0x4E00, 0x65E1, 0x5DE0, 0x5621, 0x5DC0, 0x65E1, 0x4E00, 0x5DC0, 0x55A0, 0x6644,
    0x43C6, 0x18E3, 0x2925, 0x2144, 0x2144, 0x2925, 0x2925, 0x2144, 0x2944, 0x18C4, 0x7241, 0xF542,
    0xF540, 0xF4E0, 0xFCE1, 0xF520, 0xF520, 0xF500, 0xF520, 0xFD00, 0xFD00, 0xED40, 0xFD00, 0xF500,
    0xF540, 0xFD00, 0xFCE0, 0xF521, 0xF4E0, 0xFD00, 0xF520, 0xFD01, 0xF501, 0xF541, 0xFCE0, 0xFD00,
    0xED20, 0xF4E0, 0xF542, 0xC508, 0x3122, 0x2105, 0x2124, 0x2125, 0x2124, 0x2124, 0x2124, 0x2124,
    0x2124, 0x2945, 0x18A1, 0x9364, 0xFD82, 0xFCE0, 0xFD01, 0xFD20, 0xFD20, 0xFD00, 0xFD00, 0xFD00,
    0xFD00, 0xFD00, 0xFCE0, 0xFCE0, 0xFCE0, 0xFCE0, 0xFCE0, 0xFCE0, 0xFD00, 0xFD20, 0xFD00, 0xFD20,
    0xFD20, 0xFD00, 0xFD00, 0xFD20, 0xFD00, 0xFD00, 0xED87, 0x49C4, 0x10E3, 0x2944, 0x2924, 0x2125,
    0x2124, 0x2124, 0x2124, 0x2124, 0x2124, 0x2944, 0x2126, 0x20E1, 0xAC03, 0xFDA2, 0xFD00, 0xFD01,
    0xFD00, 0xFD00, 0xFD00, 0xFD20, 0xFD20, 0xFCE1, 0xFD64, 0xFD66, 0xFD45, 0xFD65, 0xF565, 0xFD63,
    0xFD00, 0xFD00, 0xFD20, 0xFD20, 0xFD20, 0xFD20, 0xFD00, 0xFD00, 0xFD00, 0xF5A6, 0x6AA6, 0x18C3,
    0x2964, 0x2103, 0x2124, 0x2124, 0x2124, 0x2124, 0x2124, 0x2124, 0x2124, 0x2124, 0x2945, 0x2125,
    0x2922, 0xABE4, 0xFD83, 0xFD00, 0xFD00, 0xFD00, 0xFD00, 0xFD00, 0xFD00, 0xFD45, 0xFF14, 0xFFDD,
    0xFFBD, 0xFFBD, 0xFFDD, 0xFED2, 0xFCC1, 0xFD01, 0xFD20, 0xFD00, 0xFD01, 0xFD01, 0xFD00, 0xFD41,
    0xF5A8, 0x6AE6, 0x10C2, 0x2124, 0x2924, 0x2905, 0x2125, 0x2124, 0x2124, 0x2124, 0x2124, 0x2124,
    0x2124, 0x2124, 0x2124, 0x2125, 0x1905, 0x2102, 0x93A5, 0xF563, 0xFD20, 0xFD00, 0xFD00, 0xFD00,
    0xFD00, 0xFD23, 0xF60C, 0xFF58, 0xFFFF, 0xF7FF, 0xFFBC, 0xF5AA, 0xFCE0, 0xFD21, 0xFD20, 0xFD00,
    0xFD00, 0xFD00, 0xFD62, 0xDD69, 0x5A86, 0x10C3, 0x2945, 0x2124, 0x2124, 0x2105, 0x2104, 0x2124,
    0x2124, 0x2124, 0x2124, 0x2124, 0x2124, 0x2124, 0x2124, 0x2924, 0x2924, 0x2105, 0x20E3, 0x6A83,
    0xD4A4, 0xFD83, 0xFD20, 0xFD00, 0xFD00, 0xFD00, 0xF4C0, 0xF587, 0xFEB1, 0xFEF3, 0xFE0C, 0xF4C2,
    0xFD00, 0xF520, 0xFCE0, 0xFD00, 0xFD61, 0xF5A6, 0xAC47, 0x3984, 0x10A4, 0x2945, 0x2104, 0x2124,
    0x2124, 0x2124, 0x2124, 0x2124, 0x2124, 0x2124, 0x2124, 0x2124, 0x2124, 0x2124, 0x2125, 0x2125,
    0x2924, 0x2924, 0x2925, 0x10C4, 0x2942, 0x7B24, 0xDD05, 0xFD83, 0xFD80, 0xFD20, 0xFCE0, 0xFD44,
    0xFD87, 0xFD87, 0xFD45, 0xFD21, 0xFD00, 0xFD21, 0xFDA3, 0xEDA5, 0xB488, 0x5A67, 0x18E4, 0x10E4,
    0x2965, 0x2924, 0x2124, 0x2124, 0x2124, 0x2124, 0x2124, 0x2124, 0x2124, 0x2124, 0x2124, 0x2124,
    0x2124, 0x2124, 0x2124, 0x2124, 0x2144, 0x2144, 0x2923, 0x2925, 0x2105, 0x10C4, 0x2964, 0x62A5,
    0xA3C5, 0xCCA5, 0xED24, 0xFD63, 0xFD62, 0xFD62, 0xFD64, 0xF544, 0xE526, 0xBCA7, 0x8BA8, 0x4A27,
    0x18E4, 0x10C4, 0x2125, 0x2945, 0x2124, 0x2144, 0x2124, 0x2124, 0x2124, 0x2124, 0x2124, 0x2124,
    0x2124, 0x2124, 0x2124, 0x2124, 0x2124, 0x2124, 0x2124, 0x2124, 0x2924, 0x2124, 0x2144, 0x2124,
    0x2124, 0x2945, 0x2125, 0x10C5, 0x10C5, 0x2125, 0x39A5, 0x4A26, 0x5267, 0x5267, 0x5247, 0x41E7,
    0x2986, 0x1905, 0x10C3, 0x1904, 0x2144, 0x2944, 0x2124, 0x2104, 0x2924, 0x2104, 0x2124, 0x2124,
    0x2124, 0x2124, 0x2124, 0x2124, 0x2124, 0x2124, 0x2124, 0x2124, 0x2124, 0x2124, 0x2124, 0x2124,
    0x2924, 0x2924, 0x2124, 0x2124, 0x2125, 0x2105, 0x2924, 0x2944, 0x2944, 0x2124, 0x20E4, 0x18E4,
    0x10C4, 0x10E4, 0x18E4, 0x18E4, 0x18E4, 0x2924, 0x2924, 0x2945, 0x2145, 0x2124, 0x2124, 0x2924,
    0x2124, 0x2104, 0x2124, 0x2124, 0x2124, 0x2124, 0x2124, 0x2124, 0x2124, 0x2124, 0x2124, 0x2124,
    0x2124, 0x2124, 0x2124, 0x2124, 0x2124, 0x2124, 0x2124, 0x2124, 0x2124, 0x2125, 0x2124, 0x2124,
    0x2124, 0x2124, 0x2944, 0x2944, 0x2944, 0x2944, 0x2944, 0x2944, 0x2924, 0x2124, 0x2124, 0x2124,
    0x2124, 0x2124, 0x2124, 0x2124, 0x2124, 0x2124, 0x2124, 0x2124, 0x2124, 0x2124, 0x2124, 0x2124,
    0x2124, 0x2124, 0x2124, 0x2124, 0x2124, 0x2124, 0x2124, 0x2124, 0x2124, 0x2124, 0x2124, 0x2124,
    0x2124, 0x2124, 0x2124, 0x2124, 0x2124, 0x2124, 0x2124, 0x2124, 0x2124, 0x2124, 0x2124, 0x2124,
    0x2124, 0x2124, 0x2124, 0x2124, 0x2124, 0x2124, 0x2124, 0x2124, 0x2124, 0x2124, 0x2124, 0x2124,
    0x2124, 0x2124, 0x2124, 0x2124,
};

static const uint16_t icon4_data[1600] = {
    0x2124, 0x2124, 0x2124, 0x2124, 0x2124, 0x2124, 0x2124, 0x2945, 0x2124, 0x18C3, 0x39C7, 0xA514,
    0xF7BE, 0xFFFF, 0xFFFF, 0xFFFF, 0xFFFF, 0xFFFF, 0xFFFF, 0xFFFF, 0xFFFF, 0xFFFF, 0xFFFF, 0xFFFF,
    0xFFFF, 0xFFFF, 0xFFFF, 0xFFFF, 0xFFFF, 0xCE79, 0x630C, 0x18E3, 0x18C3, 0x2945, 0x2124, 0x2124,
    0x2124, 0x2124, 0x2124, 0x2124, 0x2124, 0x2124, 0x2124, 0x2124, 0x2124, 0x2124, 0x2965, 0x18E3,
    0x2104, 0x8410, 0xE71C, 0xFFFF, 0xFFFF, 0xFFFF, 0xFFFF, 0xFFFF, 0xFFFF, 0xFFFF, 0xFFFF, 0xFFFF,
    0xFFFF, 0xFFFF, 0xFFFF, 0xFFFF, 0xFFFF, 0xFFFF, 0xFFFF, 0xFFFF, 0xFFFF, 0xFFFF, 0xF7BE, 0xB5B6,
    0x4228, 0x10A2, 0x2945, 0x2124, 0x2945, 0x2945, 0x2124, 0x2124, 0x2124, 0x2124, 0x2124, 0x2124,
    0x2124, 0x2965, 0x10A2, 0x3186, 0xB596, 0xFFFF, 0xFFFF, 0xFFDF, 0xFFFF, 0xFFFF, 0xFFFF, 0xFFFF,
    0xFFFF, 0xFFFF, 0xFFFF, 0xFFDF, 0xFFFF, 0xFFFF, 0xFFDF, 0xFFFF, 0xFFFF, 0xFFFF, 0xFFFF, 0xFFFF,
    0xFFFF, 0xFFDF, 0xFFFF, 0xFFFF, 0xEF5D, 0x6B6D, 0x10A2, 0x2945, 0x2124, 0x2124, 0x2124, 0x2124,
    0x2124, 0x2124, 0x2945, 0x2124, 0x2945, 0x18C3, 0x4208, 0xCE79, 0xFFFF, 0xFFDF, 0xFFFF, 0xFFFF,
    0xFFFF, 0xFFFF, 0xFFFF, 0xFFBE, 0xFFFF, 0xF7FF, 0xFFDF, 0xFFDF, 0xFFDF, 0xFFFF, 0xFFFF, 0xFFFF,
    0xFFFF, 0xFFFF, 0xFFFF, 0xFFFF, 0xFFFF, 0xFFFF, 0xFFFF, 0xFFDF, 0xFFFF, 0xFFDF, 0x8C71, 0x18C3,
    0x2124, 0x2945, 0x2124, 0x2124, 0x2945, 0x2945, 0x2124, 0x2945, 0x18C3, 0x4228, 0xE71C, 0xFFFF,
    0xF7BE, 0xFFFF, 0xFFFF, 0xFFFF, 0xFFFF, 0xFFFF, 0xFF7D, 0xD410, 0xDD74, 0xFFFF, 0xFFFF, 0xEDB6,
    0xCB8E, 0xFF5D, 0xFFFF, 0xFFFF, 0xFFFF, 0xFFDF, 0xFFFF, 0xFFFF, 0xFFFF, 0xFFFF, 0xFFFF, 0xFFFF,
    0xFFFF, 0xFFFF, 0xFFFF, 0x9492, 0x10A2, 0x2124, 0x2945, 0x2124, 0x2124, 0x2945, 0x2945, 0x18C3,
    0x31A6, 0xD69A, 0xFFFF, 0xFFDF, 0xFFFF, 0xFFFF, 0xFFFF, 0xFFFF, 0xFFFF, 0xFFFF, 0xFF3D, 0xD9E7,
    0xD2A9, 0xFF5E, 0xFF9F, 0xE34D, 0xD186, 0xFEB9, 0xFF1B, 0xEDF7, 0xFF1C, 0xFFDF, 0xF7BD, 0xF71B,
    0xF6FB, 0xFFFF, 0xFFBF, 0xFFFF, 0xFFFF, 0xFFFF, 0xFFFF, 0xFFFF, 0x8410, 0x10A2, 0x2945, 0x2124,
    0x2124, 0x2945, 0x2124, 0x2104, 0xBDD7, 0xFFFF, 0xFFDF, 0xFFFF, 0xFFFF, 0xFFFF, 0xFFFF, 0xFFFF,
    0xFFFF, 0xFFFF, 0xF6FA, 0xE30B, 0xEACB, 0xEE78, 0xFEDB, 0xE3AE, 0xCB2C, 0xF555, 0xE4B2, 0xDB8E,
    0xE38D, 0xF5D5, 0xD3AD, 0xDAAA, 0xED14, 0xFFFF, 0xFFDF, 0xFFFF, 0xFFFF, 0xFFFF, 0xFFFF, 0xFFFF,
    0xFFDF, 0x5AEB, 0x10A2, 0x2965, 0x2945, 0x2965, 0x1082, 0x8410, 0xFFFF, 0xFFFF, 0xFFFF, 0xFFFF,
    0xFFFF, 0xFFFF, 0xFFFF, 0xFFFF, 0xFFFF, 0xFFFF, 0xEE79, 0xDB6D, 0xE492, 0xCCF2, 0xEC71, 0xFBEF,
    0xBB2C, 0xED35, 0xFF1A, 0xF4F2, 0xDA28, 0xE4B2, 0xC32C, 0xF596, 0xFFFE, 0xF7FF, 0xFFFF, 0xFFFF,
    0xFFFF, 0xFFFF, 0xFFFF, 0xFFFF, 0xFFFF, 0xD6BA, 0x2965, 0x2104, 0x2945, 0x18E3, 0x39E7, 0xE73C,
    0xFFFF, 0xFFFF, 0xFFFF, 0xFFFF, 0xFFFF, 0xFFFF, 0xFFFF, 0xFFFF, 0xFFFF, 0xFFFF, 0xEEBA, 0xE3AE,
    0xF617, 0xCB2D, 0xDAEB, 0xFDD6, 0xBB2D, 0xEC11, 0xE3AE, 0xF554, 0xEB6E, 0xE4D2, 0xC3CF, 0xF6DB,
    0xFFFF, 0xFFBF, 0xFFFF, 0xF7FF, 0xFFFF, 0xFFFF, 0xFFFF, 0xFFFF, 0xFFDF, 0xFFFF, 0x94B2, 0x1082,
    0x2945, 0x1082, 0xA534, 0xFFFF, 0xFFDF, 0xFFFF, 0xFFFF, 0xFFFF, 0xFFFF, 0xFFFF, 0xFFFF, 0xFFFF,
    0xFFFF, 0xFFFF, 0xEE99, 0xD3AF, 0xFFBE, 0xE2AB, 0xDB4D, 0xFFBE, 0xBBEF, 0xE38E, 0xEACB, 0xF637,
    0xDAAC, 0xE472, 0xB34D, 0xF69A, 0xFFFF, 0xFFFF, 0xFFFF, 0xFFFF, 0xFFFF, 0xFFFF, 0xFFFF, 0xFFFF,
    0xFFFF, 0xFFFF, 0xEF7D, 0x4228, 0x18E3, 0x4208, 0xEF5D, 0xFFFF, 0xFFFF, 0xFFFF, 0xFFFF, 0xFFFF,
    0xFFFF, 0xFFFF, 0xFFFF, 0xFFFF, 0xFFFF, 0xFFFF, 0xF71C, 0xE5F8, 0xFFFF, 0xF638, 0xEEB9, 0xFFFF,
    0xDE38, 0xF659, 0xED14, 0xE411, 0xF4B4, 0xF699, 0xDDF7, 0xFF5D, 0xFFFF, 0xFFFF, 0xFFFF, 0xFFFF,
    0xFFFF, 0xFFFF, 0xFFFF, 0xFFFF, 0xFFFF, 0xFFFF, 0xFFFF, 0xA514, 0x10A2, 0x8C71, 0xFFFF, 0xFFDF,
    0xFFFF, 0xFFFF, 0xFFFF, 0xFFFF, 0xFFFF, 0xFFFF, 0xFFFF, 0xFFFF, 0xFFFF, 0xFFFF, 0xFFFF, 0xFFFF,
    0xFFDF, 0xFFFF, 0xFFFF, 0xFFDF, 0xFFFF, 0xFFFF, 0xFFFF, 0xFFFF, 0xF7FF, 0xF7FF, 0xFFFF, 0xFFFF,
    0xFFFF, 0xFFFF, 0xFFFF, 0xFFFF, 0xFFFF, 0xFFFF, 0xFFFF, 0xFFFF, 0xFFFF, 0xFFFF, 0xFFFF, 0xE71C,
    0x2945, 0xCE79, 0xFFFF, 0xFFFF, 0xFFFF, 0xFFFF, 0xFFFF, 0xFFFF, 0xFFFF, 0xFFFF, 0xFFFF, 0xFFFF,
    0xFFFF, 0xFFFF, 0xFFFF, 0xF7BF, 0xFFFE, 0xFFFF, 0xF7DF, 0xFFDE, 0xF7DF, 0xFFDF, 0xFFDF, 0xFFBF,
    0xF7DF, 0xFFFF, 0xFFDF, 0xFFFF, 0xFFFF, 0xFFFF, 0xFFFF, 0xFFFF, 0xFFFF, 0xFFFF, 0xFFFF, 0xFFFF,
    0xFFFF, 0xFFFF, 0xFFFF, 0xFFDF, 0x4228, 0xEF7D, 0xFFFF, 0xFFFF, 0xFFFF, 0xFFFF, 0xFFFF, 0xFFFF,
    0xFFFF, 0xFFFF, 0xFFFF, 0xFFFF, 0xFFFF, 0xFFFF, 0xFFFF, 0xFFDF, 0xF7FD, 0xFFDF, 0xFFFF, 0xFFFF,
    0xFFFF, 0xF79E, 0xFFFF, 0xFFFF, 0xFFFF, 0xFFFF, 0xFFFF, 0xFFFF, 0xFFFF, 0xFFFF, 0xFFFF, 0xFFFF,
    0xFFFF, 0xFFFF, 0xFFFF, 0xFFFF, 0xFFFF, 0xFFFF, 0xFFFF, 0xF7BE, 0x7BCF, 0xFFFF, 0xFFFF, 0xFFFF,
    0xFFFF, 0xFFFF, 0xFFFF, 0xFFFF, 0xFFFF, 0xFFFF, 0xFFFF, 0xFFFF, 0xFFFF, 0xFFFF, 0xFFDF, 0xFFFF,
    0xFFDF, 0xFFFF, 0xD69A, 0x7BEF, 0x4A69, 0x39E7, 0x52AA, 0x8430, 0xE71C, 0xFFFF, 0xF7BE, 0xFFFF,
    0xFFFF, 0xFFFF, 0xFFFF, 0xFFFF, 0xFFFF, 0xFFFF, 0xFFFF, 0xFFFF, 0xFFFF, 0xFFFF, 0xFFFF, 0xFFFF,
    0x9CF3, 0xFFFF, 0xFFFF, 0xFFFF, 0xFFFF, 0xFFFF, 0xFFFF, 0xFFFF, 0xFFFF, 0xFFFF, 0xFFFF, 0xFFFF,
    0xFFFF, 0xFFFF, 0xFFDF, 0xFFFF, 0xFFFF, 0x94B2, 0x18E3, 0x0000, 0x18C3, 0x2945, 0x0020, 0x0000,
    0x31A6, 0xCE59, 0xFFFF, 0xFFFF, 0xFFFF, 0xFFFF, 0xFFFF, 0xFFFF, 0xFFFF, 0xFFFF, 0xFFFF, 0xFFFF,
    0xFFFF, 0xFFFF, 0xFFFF, 0xFFFF, 0xBDF7, 0xFFFF, 0xFFFF, 0xFFFF, 0xFFFF, 0xFFFF, 0xFFFF, 0xFFFF,
    0xFFFF, 0xFFFF, 0xFFFF, 0xFFFF, 0xFFFF, 0xFFFF, 0xFFDF, 0xFFFF, 0xAD75, 0x0861, 0x0841, 0x8C51,
    0xE71C, 0xEF5D, 0xD69A, 0x4A49, 0x0000, 0x39C7, 0xE73C, 0xFFFF, 0xFFFF, 0xFFFF, 0xFFFF, 0xFFFF,
    0xFFFF, 0xFFFF, 0xFFFF, 0xFFFF, 0xFFFF, 0xFFFF, 0xFFFF, 0xFFFF, 0xD69A, 0xFFFF, 0xFFFF, 0xFFFF,
    0xFFFF, 0xFFFF, 0xFFFF, 0xFFFF, 0xFFFF, 0xFFFF, 0xFFFF, 0xFFFF, 0xFFFF, 0xFFFF, 0xFFFF, 0xF79E,
    0x39E7, 0x0000, 0x8C51, 0xFFFF, 0xF7BE, 0xFFDF, 0xFFFF, 0xDEDB, 0x2965, 0x0000, 0x94B2, 0xFFFF,
    0xFFFF, 0xFFFF, 0xFFFF, 0xFFFF, 0xFFFF, 0xFFFF, 0xFFFF, 0xFFFF, 0xFFFF, 0xFFFF, 0xFFFF, 0xFFFF,
    0xDEFB, 0xFFFF, 0xFFFF, 0xFFFF, 0xFFFF, 0xFFFF, 0xFFFF, 0xFFFF, 0xFFFF, 0xFFFF, 0xFFFF, 0xFFFF,
    0xFFFF, 0xFFFF, 0xFFFF, 0xB596, 0x0841, 0x2104, 0xD6BA, 0xFFFF, 0xFFDF, 0xFFFF, 0xFFDF, 0xFFFF,
    0x7BCF, 0x0000, 0x528A, 0xF7BE, 0xFFFF, 0xFFFF, 0xFFFF, 0xFFFF, 0xFFFF, 0xFFFF, 0xFFFF, 0xFFFF,
    0xFFFF, 0xFFFF, 0xFFFF, 0xFFFF, 0xDEFB, 0xFFFF, 0xFFFF, 0xFFFF, 0xFFFF, 0xFFFF, 0xFFFF, 0xFFFF,
    0xFFFF, 0xFFFF, 0xFFFF, 0xFFFF, 0xFFFF, 0xFFDF, 0xFFFF, 0x8430, 0x0000, 0x39E7, 0xFFDF, 0xFFFF,
    0xFFFF, 0xFFFF, 0xFFFF, 0xFFFF, 0xAD55, 0x0000, 0x2104, 0xEF5D, 0xFFFF, 0xFFFF, 0xFFFF, 0xFFFF,
    0xFFFF, 0xFFFF, 0xFFFF, 0xFFFF, 0xFFFF, 0xFFFF, 0xFFFF, 0xFFFF, 0xCE79, 0xFFFF, 0xFFFF, 0xFFFF,
    0xFFFF, 0xFFFF, 0xFFFF, 0xFFFF, 0xFFFF, 0xFFFF, 0xFFFF, 0xFFFF, 0xFFFF, 0xFFFF, 0xFFFF, 0x8430,
    0x0000, 0x39E7, 0xFFDF, 0xFFFF, 0xFFFF, 0xFFFF, 0xFFDF, 0xFFFF, 0xB5B6, 0x0000, 0x18C3, 0xEF5D,
    0xFFFF, 0xFFFF, 0xFFFF, 0xFFFF, 0xFFFF, 0xFFFF, 0xFFFF, 0xFFFF, 0xFFFF, 0xFFFF, 0xFFFF, 0xFFFF,
    0xB596, 0xFFFF, 0xFFFF, 0xFFFF, 0xFFFF, 0xFFFF, 0xFFFF, 0xFFFF, 0xFFFF, 0xFFFF, 0xFFFF, 0xFFFF,
    0xFFFF, 0xFFFF, 0xFFFF, 0xB5B6, 0x0841, 0x0861, 0xBDF7, 0xFFFF, 0xFFDF, 0xFFFF, 0xFFFF, 0xFFFF,
    0x94B2, 0x0000, 0x18E3, 0xEF5D, 0xFFFF, 0xFFFF, 0xFFFF, 0xFFFF, 0xFFFF, 0xFFFF, 0xFFFF, 0xFFFF,
    0xFFFF, 0xFFFF, 0xFFFF, 0xFFDF, 0x9492, 0xFFFF, 0xFFFF, 0xFFFF, 0xFFFF, 0xFFFF, 0xFFFF, 0xFFFF,
    0xFFFF, 0xFFFF, 0xFFFF, 0xFFFF, 0xFFFF, 0xFFFF, 0xFFFF, 0xF79E, 0x39C7, 0x0000, 0x4208, 0xDEDB,
    0xFFFF, 0xFFFF, 0xFFFF, 0xAD55, 0x18C3, 0x0020, 0x18E3, 0xEF5D, 0xFFFF, 0xFFFF, 0xFFFF, 0xFFFF,
    0xFFFF, 0xFFFF, 0xFFFF, 0xFFFF, 0xFFFF, 0xFFFF, 0xFFFF, 0xFFFF, 0x6B6D, 0xFFDF, 0xFFDF, 0xFFFF,
    0xFFFF, 0xFFFF, 0xFFFF, 0xFFFF, 0xFFFF, 0xFFFF, 0xFFFF, 0xFFFF, 0xFFFF, 0xFFFF, 0xFFDF, 0xFFFF,
    0xC618, 0x2124, 0x0000, 0x18C3, 0x632C, 0x73AE, 0x31A6, 0x18E3, 0x4208, 0x0020, 0x2945, 0xEF7D,
    0xFFFF, 0xFFFF, 0xFFFF, 0xFFFF, 0xFFFF, 0xFFFF, 0xFFFF, 0xFFFF, 0xFFFF, 0xFFFF, 0xFFDF, 0xFFDF,
    0x31A6, 0xE73C, 0xFFFF, 0xFFFF, 0xFFFF, 0xFFFF, 0xFFFF, 0xFFFF, 0xFFFF, 0xFFFF, 0xFFFF, 0xFFFF,
    0xFFFF, 0xFFFF, 0xFFFF, 0xFFFF, 0xFFFF, 0xC638, 0x5AEB, 0x2124, 0x10A2, 0x18C3, 0x31A6, 0xA534,
    0x8C71, 0x0000, 0x632C, 0xFFFF, 0xFFFF, 0xFFFF, 0xFFFF, 0xFFFF, 0xFFFF, 0xFFFF, 0xFFFF, 0xFFFF,
    0xFFFF, 0xFFFF, 0xFFDF, 0xFFDF, 0x18C3, 0xB5B6, 0xFFFF, 0xFFFF, 0xFFFF, 0xFFFF, 0xFFFF, 0xFFFF,
    0xFFFF, 0xFFFF, 0xFFFF, 0xFFFF, 0xFFFF, 0xFFFF, 0xFFFF, 0xFFFF, 0xFFFF, 0xFFFF, 0xFFDF, 0xE71C,
    0xCE59, 0xD69A, 0xFFDF, 0xFFFF, 0x31A6, 0x0000, 0x9CF3, 0xFFFF, 0xFFDF, 0xFFFF, 0xFFFF, 0xFFFF,
    0xFFFF, 0xFFFF, 0xFFFF, 0xFFFF, 0xFFFF, 0xFFFF, 0xFFDF, 0xEF7D, 0x10A2, 0x6B6D, 0xFFFF, 0xFFFF,
    0xFFFF, 0xFFFF, 0xFFFF, 0xFFFF, 0xFFFF, 0xFFFF, 0xFFFF, 0xFFFF, 0xFFFF, 0xFFFF, 0xFFFF, 0xFFFF,
    0xFFFF, 0xFFFF, 0xFFDF, 0xFFFF, 0xFFFF, 0xFFFF, 0xFFFF, 0x9492, 0x0000, 0x2945, 0xE73C, 0xFFFF,
    0xFFFF, 0xFFFF, 0xFFFF, 0xFFFF, 0xFFFF, 0xFFFF, 0xFFFF, 0xFFFF, 0xFFFF, 0xFFFF, 0xFFFF, 0xBDF7,
    0x2104, 0x2965, 0xDEFB, 0xFFFF, 0xFFFF, 0xFFFF, 0xFFFF, 0xFFFF, 0xFFFF, 0xFFFF, 0xFFFF, 0xFFFF,
    0xFFFF, 0xFFFF, 0xFFFF, 0xFFFF, 0xFFFF, 0xFFFF, 0xFFDF, 0xFFDF, 0xFFFF, 0xFFFF, 0xB596, 0x10A2,
    0x0020, 0x9CF3, 0xFFFF, 0xFFFF, 0xFFFF, 0xFFFF, 0xFFFF, 0xFFFF, 0xFFFF, 0xFFFF, 0xFFFF, 0xFFFF,
    0xFFFF, 0xF7BE, 0xFFDF, 0x632C, 0x2965, 0x10A2, 0x7BEF, 0xFFFF, 0xF7BE, 0xFFFF, 0xFFFF, 0xFFFF,
    0xFFFF, 0xFFFF, 0xFFFF, 0xFFFF, 0xFFFF, 0xFFFF, 0xFFFF, 0xFFFF, 0xFFDF, 0xFFFF, 0xFFFF, 0xFFFF,
    0xD6BA, 0x7BEF, 0x0841, 0x0000, 0x7BCF, 0xFFDF, 0xFFFF, 0xFFFF, 0xFFFF, 0xFFFF, 0xFFFF, 0xFFFF,
    0xFFFF, 0xFFFF, 0xFFFF, 0xFFFF, 0xFFDF, 0xFFFF, 0xB5B6, 0x18E3, 0x2945, 0x2104, 0x2104, 0xCE59,
    0xFFFF, 0xFFFF, 0xFFFF, 0xFFFF, 0xFFFF, 0xFFFF, 0xFFFF, 0xFFFF, 0xFFFF, 0xFFFF, 0xFFFF, 0xFFDF,
    0xE73C, 0x73AE, 0x528A, 0x4A49, 0x1082, 0x0000, 0x1082, 0x8430, 0xF79E, 0xFFFF, 0xFFFF, 0xFFFF,
    0xFFFF, 0xFFFF, 0xFFFF, 0xFFFF, 0xFFFF, 0xFFFF, 0xFFFF, 0xFFFF, 0xFFFF, 0xF79E, 0x4A49, 0x10A2,
    0x2124, 0x2945, 0x18C3, 0x528A, 0xF7BE, 0xFFFF, 0xFFDF, 0xFFFF, 0xFFFF, 0xFFFF, 0xFFFF, 0xFFFF,
    0xFFFF, 0xFFFF, 0xFFFF, 0xFFFF, 0xDEFB, 0x2104, 0x0000, 0x0020, 0x2945, 0x738E, 0xCE79, 0xFFFF,
    0xFFDF, 0xFFFF, 0xFFFF, 0xFFFF, 0xFFFF, 0xFFFF, 0xFFFF, 0xFFFF, 0xFFFF, 0xFFFF, 0xFFFF, 0xFFDF,
    0xFFFF, 0x8C71, 0x10A2, 0x2945, 0x2945, 0x2945, 0x2945, 0x10A2, 0x8430, 0xFFFF, 0xFFDF, 0xFFFF,
    0xFFFF, 0xFFFF, 0xFFFF, 0xFFFF, 0xFFFF, 0xFFFF, 0xFFFF, 0xFFFF, 0xF7BE, 0xC618, 0xCE59, 0xE71C,
    0xEF5D, 0xFFFF, 0xFFFF, 0xFFDF, 0xFFFF, 0xFFFF, 0xFFDF, 0xFFDF, 0xFFFF, 0xFFFF, 0xFFFF, 0xFFFF,
    0xFFFF, 0xFFFF, 0xFFDF, 0xFFFF, 0xBDD7, 0x2124, 0x2124, 0x2945, 0x2945, 0x2945, 0x2945, 0x2124,
    0x18E3, 0x9CF3, 0xFFFF, 0xFFDF, 0xFFDF, 0xFFFF, 0xFFFF, 0xFFFF, 0xFFFF, 0xFFFF, 0xFFFF, 0xFFFF,
    0xFFFF, 0xFFFF, 0xFFFF, 0xFFFF, 0xFFFF, 0xFFFF, 0xFFFF, 0xFFFF, 0xFFFF, 0xFFFF, 0xFFDF, 0xFFFF,
    0xFFFF, 0xFFFF, 0xFFFF, 0xFFFF, 0xFFFF, 0xFFDF, 0xFFFF, 0xCE79, 0x2965, 0x18E3, 0x2965, 0x2945,
    0x2945, 0x2945, 0x2945, 0x2945, 0x2104, 0x2104, 0x9CF3, 0xFFFF, 0xFFFF, 0xFFFF, 0xFFFF, 0xFFFF,
    0xFFFF, 0xFFFF, 0xFFFF, 0xFFFF, 0xFFFF, 0xFFDF, 0xFFFF, 0xFFFF, 0xFFFF, 0xFFFF, 0xFFFF, 0xFFFF,
    0xFFFF, 0xFFFF, 0xFFFF, 0xFFFF, 0xFFFF, 0xFFFF, 0xFFFF, 0xFFFF, 0xFFDF, 0xFFFF, 0xCE79, 0x39E7,
    0x18C3, 0x2945, 0x2945, 0x2945, 0x2945, 0x2945, 0x2945, 0x2945, 0x2945, 0x2124, 0x18C3, 0x8C71,
    0xFFDF, 0xFFFF, 0xFFFF, 0xFFFF, 0xFFFF, 0xFFFF, 0xFFFF, 0xFFFF, 0xFFFF, 0xFFFF, 0xFFFF, 0xFFFF,
    0xFFFF, 0xFFFF, 0xFFFF, 0xFFFF, 0xFFFF, 0xFFFF, 0xFFFF, 0xFFFF, 0xFFFF, 0xFFFF, 0xFFFF, 0xFFFF,
    0xFFFF, 0xC618, 0x2965, 0x18C3, 0x2965, 0x2124, 0x2945, 0x2945, 0x2945, 0x2945, 0x2945, 0x2945,
    0x2945, 0x2124, 0x2124, 0x10A2, 0x6B4D, 0xE71C, 0xFFFF, 0xFFFF, 0xFFFF, 0xFFFF, 0xFFFF, 0xFFFF,
    0xFFFF, 0xFFFF, 0xFFFF, 0xFFFF, 0xFFFF, 0xFFFF, 0xFFFF, 0xFFFF, 0xFFFF, 0xFFFF, 0xFFFF, 0xFFFF,
    0xFFFF, 0xFFDF, 0xFFFF, 0xF7BE, 0x94B2, 0x2104, 0x2104, 0x2965, 0x2945, 0x2945, 0x2945, 0x2945,
    0x2945, 0x2945, 0x2945, 0x2945, 0x2124, 0x2945, 0x2945, 0x2945, 0x10A2, 0x3186, 0xA534, 0xF7BE,
    0xFFFF, 0xFFFF, 0xFFFF, 0xFFFF, 0xFFFF, 0xFFFF, 0xFFFF, 0xFFFF, 0xFFFF, 0xFFFF, 0xFFFF, 0xFFFF,
    0xFFFF, 0xFFFF, 0xFFFF, 0xFFFF, 0xFFFF, 0xFFFF, 0xC638, 0x528A, 0x10A2, 0x2124, 0x2945, 0x2124,
    0x2124, 0x2945, 0x2945, 0x2945, 0x2945, 0x2945, 0x2945, 0x2945, 0x2124, 0x2945, 0x2945, 0x2945,
    0x2945, 0x18E3, 0x10A2, 0x4A49, 0x9CF3, 0xEF5D, 0xFFFF, 0xFFFF, 0xFFFF, 0xFFFF, 0xFFDF, 0xFFFF,
    0xFFFF, 0xFFFF, 0xFFFF, 0xFFFF, 0xFFFF, 0xFFFF, 0xFFFF, 0xF7BE, 0xBDF7, 0x632C, 0x18E3, 0x18C3,
    0x2945, 0x2965, 0x2124, 0x2945, 0x2124, 0x2945, 0x2945, 0x2945, 0x2945, 0x2945, 0x2945, 0x2945,
    0x2945, 0x2945, 0x2945, 0x2945, 0x2945, 0x2945, 0x2945, 0x18E3, 0x10A2, 0x31A6, 0x6B4D, 0x9CF3,
    0xCE59, 0xEF7D, 0xFFDF, 0xFFDF, 0xFFDF, 0xFFDF, 0xFFDF, 0xF7BE, 0xD6BA, 0xAD75, 0x7BCF, 0x4228,
    0x18E3, 0x18C3, 0x2945, 0x2945, 0x2945, 0x2124, 0x2945, 0x2945, 0x2945, 0x2945, 0x2945, 0x2945,
    0x2945, 0x2945, 0x2945, 0x2945, 0x2945, 0x2945, 0x2945, 0x2945, 0x2945, 0x2945, 0x2124, 0x2945,
    0x2965, 0x2104, 0x10A2, 0x10A2, 0x2945, 0x4208, 0x5ACB, 0x630C, 0x630C, 0x630C, 0x5AEB, 0x4A49,
    0x2965, 0x18E3, 0x10A2, 0x18C3, 0x2945, 0x2945, 0x2945, 0x2945, 0x2945, 0x2945, 0x2945, 0x2945,
    0x2945, 0x2945, 0x2945, 0x2945,
};

static const uint16_t icon5_data[1600] = {
    0x2124, 0x2124, 0x2124, 0x2124, 0x2124, 0x2124, 0x2124, 0x2124, 0x2124, 0x2124, 0x2124, 0x2124,
    0x2124, 0x2124, 0x2124, 0x2124, 0x2124, 0x2124, 0x2124, 0x2124, 0x2124, 0x2124, 0x2124, 0x2124,
    0x2124, 0x2124, 0x2124, 0x2124, 0x2124, 0x2124, 0x2124, 0x2124, 0x2124, 0x2124, 0x2124, 0x2124,
    0x2124, 0x2124, 0x2124, 0x2124, 0x2124, 0x2124, 0x2124, 0x2124, 0x2124, 0x2124, 0x2124, 0x2124,
    0x2124, 0x2124, 0x2124, 0x2124, 0x2124, 0x2124, 0x2124, 0x2124, 0x2124, 0x2124, 0x2124, 0x2124,
    0x2124, 0x2124, 0x2124, 0x2124, 0x2124, 0x2124, 0x2124, 0x2124, 0x2124, 0x2124, 0x2124, 0x2124,
    0x2124, 0x2124, 0x2124, 0x2124, 0x2124, 0x2124, 0x2124, 0x2124, 0x2124, 0x2124, 0x2124, 0x2124,
    0x2124, 0x2124, 0x2124, 0x2124, 0x2124, 0x2124, 0x2124, 0x2124, 0x2124, 0x2124, 0x2124, 0x2124,
    0x2124, 0x2124, 0x2124, 0x2124, 0x2124, 0x2124, 0x2124, 0x2124, 0x2124, 0x2124, 0x2124, 0x2124,
    0x2124, 0x2124, 0x2124, 0x2124, 0x2124, 0x2124, 0x2124, 0x2124, 0x2124, 0x2124, 0x2124, 0x2124,
    0x2124, 0x2124, 0x2124, 0x2124, 0x2124, 0x2124, 0x2124, 0x2124, 0x2124, 0x2124, 0x2124, 0x2124,
    0x2124, 0x2124, 0x2124, 0x2124, 0x2124, 0x2124, 0x2124, 0x2124, 0x2924, 0x2124, 0x2924, 0x2924,
    0x2124, 0x2124, 0x2124, 0x2124, 0x2125, 0x2125, 0x2125, 0x2124, 0x2924, 0x2124, 0x2124, 0x2124,
    0x2124, 0x2124, 0x2124, 0x2124, 0x2124, 0x2124, 0x2124, 0x2124, 0x2124, 0x2124, 0x2124, 0x2124,
    0x2124, 0x2124, 0x2124, 0x2124, 0x2124, 0x2124, 0x2124, 0x2124, 0x2124, 0x2124, 0x2144, 0x2144,
    0x2145, 0x2125, 0x2925, 0x2124, 0x2144, 0x2145, 0x2145, 0x2125, 0x2124, 0x2924, 0x2924, 0x2124,
    0x2125, 0x2124, 0x2124, 0x2124, 0x2124, 0x2124, 0x2124, 0x2124, 0x2124, 0x2124, 0x2124, 0x2124,
    0x2124, 0x2124, 0x2124, 0x2124, 0x2124, 0x2124, 0x2124, 0x2124, 0x2124, 0x2124, 0x2124, 0x2124,
    0x2124, 0x2144, 0x2924, 0x2924, 0x2903, 0x20E2, 0x20E2, 0x20E2, 0x28E3, 0x28E2, 0x2902, 0x2923,
    0x2124, 0x2145, 0x2145, 0x2124, 0x2124, 0x2124, 0x2124, 0x2124, 0x2124, 0x2124, 0x2124, 0x2124,
    0x2124, 0x2124, 0x2124, 0x2124, 0x2124, 0x2124, 0x2124, 0x2124, 0x2124, 0x2124, 0x2124, 0x2124,
    0x2124, 0x2124, 0x2124, 0x2124, 0x2924, 0x2103, 0x20E3, 0x1925, 0x1988, 0x120D, 0x1291, 0x12D2,
    0x12B1, 0x126F, 0x19EC, 0x2167, 0x2104, 0x20E3, 0x2103, 0x2944, 0x2124, 0x2124, 0x2124, 0x2124,
    0x2124, 0x2124, 0x2124, 0x2124, 0x2124, 0x2124, 0x2124, 0x2124, 0x2124, 0x2124, 0x2124, 0x2124,
    0x2124, 0x2124, 0x2125, 0x2924, 0x2124, 0x2125, 0x2945, 0x2903, 0x20E3, 0x1989, 0x12D2, 0x0BFA,
    0x047E, 0x049F, 0x04BF, 0x04BF, 0x04BF, 0x04BF, 0x049F, 0x047D, 0x0B97, 0x1A6E, 0x1946, 0x20E3,
    0x2924, 0x2925, 0x2125, 0x2924, 0x2924, 0x2145, 0x2125, 0x2925, 0x2124, 0x2124, 0x2124, 0x2124,
    0x2124, 0x2124, 0x2124, 0x2124, 0x2124, 0x2124, 0x2124, 0x2124, 0x2125, 0x2924, 0x20E3, 0x1188,
    0x0B34, 0x045D, 0x0CBF, 0x049F, 0x047F, 0x047F, 0x045F, 0x045E, 0x047F, 0x047F, 0x047F, 0x049F,
    0x04BF, 0x0CBF, 0x0C3B, 0x12B0, 0x2125, 0x28E3, 0x2924, 0x2145, 0x2145, 0x2924, 0x2924, 0x2145,
    0x2124, 0x2124, 0x2124, 0x2124, 0x2124, 0x2124, 0x2124, 0x2124, 0x2125, 0x2124, 0x2124, 0x2124,
    0x2923, 0x1904, 0x0A2D, 0x0C3B, 0x04DF, 0x049F, 0x047F, 0x047F, 0x047F, 0x047F, 0x049F, 0x049F,
    0x049F, 0x049F, 0x049F, 0x049F, 0x049F, 0x049F, 0x04DF, 0x0CDF, 0x13D8, 0x19A8, 0x2103, 0x2944,
    0x2125, 0x2924, 0x2924, 0x2125, 0x2124, 0x2124, 0x2124, 0x2124, 0x2124, 0x2124, 0x2124, 0x2124,
    0x2124, 0x2124, 0x2124, 0x2904, 0x18E4, 0x0AD0, 0x0CDD, 0x04DF, 0x049F, 0x049F, 0x049F, 0x049F,
    0x049F, 0x04BF, 0x049F, 0x04BF, 0x04BF, 0x04BF, 0x04BF, 0x04BF, 0x04DF, 0x049F, 0x04BF, 0x04DF,
    0x04FF, 0x145B, 0x120B, 0x2103, 0x2145, 0x2125, 0x2924, 0x2925, 0x2124, 0x2124, 0x2124, 0x2124,
    0x2124, 0x2124, 0x2124, 0x2124, 0x2924, 0x2125, 0x2924, 0x18E3, 0x0AB0, 0x0CFE, 0x04BF, 0x049F,
    0x04BE, 0x04BF, 0x049F, 0x049F, 0x049F, 0x04BF, 0x04DF, 0x04DF, 0x04BF, 0x04BF, 0x04BF, 0x04BF,
    0x04DF, 0x04BF, 0x04BF, 0x04DF, 0x04BF, 0x04DF, 0x1CBB, 0x120A, 0x20E3, 0x2924, 0x2125, 0x2124,
    0x2124, 0x2124, 0x2124, 0x2124, 0x2124, 0x2124, 0x2124, 0x2124, 0x2125, 0x2925, 0x2104, 0x124D,
    0x14DE, 0x04DF, 0x049E, 0x04BF, 0x049F, 0x0C9E, 0x3CF9, 0x4D58, 0x4538, 0x1CDA, 0x04BF, 0x04DF,
    0x04DF, 0x04DF, 0x04DF, 0x04DF, 0x04DF, 0x04DF, 0x04DF, 0x04DF, 0x04DF, 0x04FF, 0x051F, 0x2479,
    0x1188, 0x2903, 0x2945, 0x2145, 0x2124, 0x2124, 0x2124, 0x2124, 0x2124, 0x2124, 0x2124, 0x2124,
    0x2145, 0x2903, 0x0967, 0x147A, 0x051F, 0x04DE, 0x04DF, 0x04BF, 0x4535, 0xB609, 0xEE83, 0xFE61,
    0xFE41, 0xD626, 0x7DB0, 0x14BA, 0x04FF, 0x04FF, 0x04FF, 0x04FF, 0x04FF, 0x04FF, 0x04FF, 0x04FF,
    0x04FF, 0x051F, 0x051F, 0x0D5F, 0x1BD5, 0x1105, 0x2924, 0x2144, 0x2124, 0x2124, 0x2124, 0x2124,
    0x2124, 0x2124, 0x2124, 0x2124, 0x2944, 0x1904, 0x0B52, 0x0D5F, 0x04FE, 0x04FF, 0x04DE, 0x5D72,
    0xE684, 0xFE80, 0xFE40, 0xFE41, 0xFE40, 0xFE40, 0xFEA1, 0x9E0D, 0x1CDB, 0x051F, 0x051F, 0x051F,
    0x051F, 0x051F, 0x051F, 0x051F, 0x051F, 0x053F, 0x0D1F, 0x053F, 0x155D, 0x1A6D, 0x20E3, 0x2924,
    0x2124, 0x2124, 0x2124, 0x2124, 0x2124, 0x2124, 0x2124, 0x2945, 0x2903, 0x09CA, 0x14DB, 0x053F,
    0x051F, 0x051F, 0x3516, 0xD687, 0xFEA0, 0xFE60, 0xFE80, 0xFE80, 0xFE80, 0xFE80, 0xFE60, 0xF6A2,
    0x7D8D, 0x04BE, 0x051F, 0x053F, 0x053F, 0x053F, 0x053F, 0x053F, 0x053F, 0x053F, 0x055F, 0x053F,
    0x0D7F, 0x1C58, 0x1124, 0x2944, 0x2124, 0x2124, 0x2124, 0x2124, 0x2124, 0x2124, 0x2124, 0x2944,
    0x20E3, 0x0B32, 0x0D7F, 0x053F, 0x053F, 0x04FE, 0x7DCF, 0xFEC2, 0xFE60, 0xFEA0, 0xFEA0, 0xFEA0,
    0xFE80, 0xFE60, 0xFE85, 0xFF0C, 0xE734, 0x7E5D, 0x4DDE, 0x0D1D, 0x053F, 0x057F, 0x055F, 0x055F,
    0x053F, 0x055F, 0x055F, 0x055F, 0x055F, 0x1D5D, 0x1A09, 0x2103, 0x2124, 0x2124, 0x2124, 0x2124,
    0x2124, 0x2124, 0x2124, 0x2124, 0x1124, 0x1458, 0x057F, 0x053E, 0x055F, 0x053D, 0xA66C, 0xFEC0,
    0xFE80, 0xFEC0, 0xFEC0, 0xFEA0, 0xFE62, 0xFF2D, 0xFFDA, 0xFFFF, 0xFFFF, 0xFFFE, 0xEFFF, 0xB73F,
    0x357C, 0x053E, 0x057F, 0x055F, 0x057F, 0x057F, 0x055F, 0x055F, 0x057F, 0x15DF, 0x2330, 0x18C4,
    0x2124, 0x2124, 0x2124, 0x2124, 0x2124, 0x2124, 0x2124, 0x2104, 0x11C9, 0x151B, 0x057F, 0x055F,
    0x057F, 0x055D, 0xA66C, 0xFEE0, 0xFEC0, 0xFEC0, 0xFEC0, 0xFEA1, 0xFF4E, 0xFFFD, 0xFFFF, 0xFFDC,
    0xFFDC, 0xEFBE, 0xE79F, 0xF7FF, 0xC7BF, 0x357C, 0x055F, 0x059F, 0x057F, 0x057F, 0x059F, 0x059F,
    0x057F, 0x0DDF, 0x2455, 0x0924, 0x2124, 0x2124, 0x2124, 0x2124, 0x2124, 0x2124, 0x2924, 0x20E3,
    0x0A6D, 0x159E, 0x057F, 0x0D7F, 0x05BF, 0x053E, 0x964D, 0xFF20, 0xFEC0, 0xFEE0, 0xFEC0, 0xFEE8,
    0xFFFA, 0xFFFD, 0xFFDC, 0xFFDC, 0xFFDE, 0xEFDF, 0xE7BF, 0xE7BF, 0xF7FF, 0xA6FE, 0x053D, 0x059F,
    0x05BF, 0x059F, 0x05BF, 0x059F, 0x059F, 0x0DBF, 0x24F9, 0x1165, 0x2124, 0x2124, 0x2124, 0x2124,
    0x2124, 0x2124, 0x2944, 0x20E2, 0x02EE, 0x15BF, 0x059F, 0x059F, 0x05BF, 0x059F, 0x55D3, 0xEF24,
    0xFEE0, 0xFF00, 0xFEE0, 0xFF6D, 0xFFFE, 0xFFFC, 0xFFDC, 0xFFFD, 0xF7DD, 0xE7DF, 0xE7DF, 0xE7BF,
    0xEFDF, 0xDFBF, 0x3E1D, 0x157E, 0x059F, 0x05BF, 0x05BF, 0x05BF, 0x05BF, 0x05DF, 0x1D5A, 0x11A7,
    0x2124, 0x2124, 0x2124, 0x2124, 0x2124, 0x2124, 0x2924, 0x20E3, 0x0351, 0x15DF, 0x05BE, 0x05DF,
    0x05BF, 0x05DF, 0x0D7C, 0x968D, 0xFF62, 0xFF00, 0xF6C0, 0xFF90, 0xFFFE, 0xFFFD, 0xFFFD, 0xFFDE,
    0xEFDF, 0xEFDF, 0xE7DF, 0xEFBF, 0xE7DF, 0xE7DF, 0xE7BF, 0xD77F, 0x6E9D, 0x0DBD, 0x05FF, 0x05DF,
    0x05DE, 0x05FF, 0x1D9B, 0x19C7, 0x2124, 0x2124, 0x2124, 0x2124, 0x2124, 0x2124, 0x2924, 0x20E2,
    0x034F, 0x0DFF, 0x05DF, 0x05DF, 0x05BF, 0x05DF, 0x05DF, 0x1DBA, 0x96AD, 0xEF26, 0xFF6D, 0xFFD9,
    0xFFFE, 0xFFFD, 0xFFDD, 0xEFDE, 0xE7DF, 0xE7DF, 0xE7DF, 0xE7DF, 0xE7DF, 0xE7DF, 0xE7DF, 0xEFDF,
    0xEFFF, 0x7EDE, 0x059E, 0x05FF, 0x05DF, 0x05FF, 0x25BB, 0x19A7, 0x2124, 0x2124, 0x2124, 0x2124,
    0x2124, 0x2124, 0x2924, 0x20E3, 0x0AEE, 0x161F, 0x05DF, 0x05DF, 0x05FF, 0x05FF, 0x05FF, 0x05FF,
    0x1D7B, 0xB75D, 0xF7FF, 0xF7BF, 0xF7FE, 0xEFFE, 0xE7DF, 0xE7BF, 0xE7BF, 0xEFDF, 0xE7DF, 0xE7DF,
    0xE7DF, 0xE7BF, 0xE7DF, 0xDFDF, 0xE7DF, 0xDFDF, 0x3E1D, 0x05FF, 0x0E1F, 0x063F, 0x2579, 0x1165,
    0x2124, 0x2124, 0x2124, 0x2124, 0x2124, 0x2124, 0x2945, 0x2104, 0x126B, 0x15FD, 0x061F, 0x05FF,
    0x05FF, 0x05FF, 0x061F, 0x05DF, 0x667E, 0xE7FF, 0xE7BF, 0xE7DF, 0xE7DF, 0xE7DF, 0xE7DF, 0xE7DF,
    0xEFBF, 0xE7DF, 0xE7DF, 0xE7DF, 0xE7DF, 0xE7DF, 0xE7DF, 0xE7DF, 0xE7BF, 0xE7FF, 0x5EBE, 0x05FE,
    0x061F, 0x0E7F, 0x34D6, 0x1104, 0x2124, 0x2124, 0x2124, 0x2124, 0x2124, 0x2124, 0x2945, 0x2124,
    0x0987, 0x1D9A, 0x065F, 0x061F, 0x061F, 0x061F, 0x063F, 0x05FF, 0x86FE, 0xFFFF, 0xE7DF, 0xE7DF,
    0xEFBF, 0xEFBF, 0xEFDF, 0xE7DF, 0xEFDF, 0xE7DF, 0xE7DF, 0xE7DF, 0xE7DF, 0xE7DF, 0xE7DF, 0xE7DF,
    0xEFBF, 0xEFFF, 0x5EBE, 0x061E, 0x065F, 0x16BF, 0x2BF2, 0x18C3, 0x2124, 0x2124, 0x2124, 0x2124,
    0x2124, 0x2124, 0x2124, 0x2945, 0x1904, 0x1495, 0x0E9F, 0x061F, 0x063F, 0x063F, 0x063F, 0x061F,
    0x76DE, 0xFFFF, 0xE7BF, 0xE7DF, 0xE7DF, 0xEFDF, 0xE7DF, 0xE7DF, 0xE7DF, 0xE7DF, 0xE7DF, 0xE7DF,
    0xE7DF, 0xE7DF, 0xE7DF, 0xE7DF, 0xEFDF, 0xDFDF, 0x367E, 0x063E, 0x065F, 0x267E, 0x2A8B, 0x20E3,
    0x2124, 0x2124, 0x2124, 0x2124, 0x2124, 0x2124, 0x2124, 0x2945, 0x20E3, 0x0B0E, 0x167F, 0x065F,
    0x065F, 0x065F, 0x065F, 0x065F, 0x363C, 0xC7BF, 0xF7FF, 0xEFBE, 0xE7FF, 0xEFDF, 0xEFDF, 0xEFDF,
    0xEFDF, 0xE7DF, 0xEFDF, 0xEFDF, 0xE7DF, 0xEFDF, 0xEFBF, 0xF7DF, 0xF7FF, 0x871E, 0x0E3E, 0x069F,
    0x0E7F, 0x3DBA, 0x2145, 0x2924, 0x2124, 0x2124, 0x2124, 0x2124, 0x2124, 0x2124, 0x2124, 0x2945,
    0x2125, 0x1166, 0x1D78, 0x06DF, 0x067F, 0x065F, 0x067F, 0x067F, 0x063E, 0x469E, 0xB79F, 0xDFDF,
    0xE7DF, 0xF7DF, 0xF7DF, 0xEFFF, 0xEFDF, 0xEFDF, 0xF7DF, 0xEFFF, 0xEFDF, 0xEFDF, 0xEFFF, 0xC7DF,
    0x76FD, 0x165E, 0x0E7F, 0x069F, 0x26DF, 0x33AF, 0x18E2, 0x2944, 0x2124, 0x2124, 0x2124, 0x2124,
    0x2124, 0x2124, 0x2124, 0x2124, 0x2925, 0x20C3, 0x0B0D, 0x16BF, 0x067F, 0x065F, 0x069F, 0x069F,
    0x069F, 0x067E, 0x0E5E, 0x269E, 0x2E9E, 0x369E, 0x2EBE, 0x2E9E, 0x2E9E, 0x2EBE, 0x2EBE, 0x369E,
    0x369E, 0x369E, 0x2EBE, 0x169E, 0x067E, 0x069F, 0x06DF, 0x0EDF, 0x45D9, 0x1145, 0x2924, 0x2145,
    0x2124, 0x2124, 0x2124, 0x2124, 0x2124, 0x2124, 0x2124, 0x2124, 0x2124, 0x2924, 0x1125, 0x1CB5,
    0x0EFF, 0x069F, 0x069F, 0x069F, 0x069F, 0x06BF, 0x06BF, 0x069F, 0x069F, 0x06BF, 0x06BF, 0x06BF,
    0x069F, 0x069F, 0x06BF, 0x06BE, 0x06BF, 0x06BF, 0x06BF, 0x06DF, 0x06DF, 0x06BF, 0x06BF, 0x3EBD,
    0x22AA, 0x20E3, 0x3125, 0x2125, 0x2124, 0x2124, 0x2124, 0x2124, 0x2124, 0x2124, 0x2124, 0x2124,
    0x2924, 0x2165, 0x28E3, 0x1187, 0x1E1A, 0x0F3F, 0x069E, 0x06BF, 0x06DF, 0x06DF, 0x06DF, 0x06DF,
    0x06DF, 0x06DF, 0x06DF, 0x06DF, 0x06DF, 0x06DF, 0x06FF, 0x06DF, 0x06DF, 0x06DF, 0x06DE, 0x06DF,
    0x06DF, 0x06FF, 0x373F, 0x33D0, 0x18C2, 0x3145, 0x2145, 0x2144, 0x2124, 0x2124, 0x2124, 0x2124,
    0x2124, 0x2124, 0x2124, 0x2124, 0x2125, 0x2144, 0x2944, 0x20C3, 0x1209, 0x25FA, 0x0F3F, 0x06DF,
    0x06DF, 0x06FF, 0x06DF, 0x06DF, 0x06FF, 0x06DF, 0x06DF, 0x06DF, 0x06DF, 0x06FF, 0x06FF, 0x06DF,
    0x06FF, 0x06FF, 0x06FE, 0x06FE, 0x06FF, 0x375F, 0x3C32, 0x18E3, 0x2944, 0x2145, 0x2945, 0x2145,
    0x2124, 0x2124, 0x2124, 0x2124, 0x2124, 0x2124, 0x2124, 0x2124, 0x2924, 0x2925, 0x2145, 0x2164,
    0x28C3, 0x19C7, 0x2596, 0x177F, 0x071F, 0x06FE, 0x06DF, 0x06FE, 0x071E, 0x071F, 0x06FF, 0x06FF,
    0x071F, 0x071F, 0x073F, 0x071F, 0x071E, 0x071F, 0x071F, 0x0F3F, 0x373E, 0x3BAE, 0x18C3, 0x2924,
    0x2944, 0x2925, 0x2944, 0x2144, 0x2124, 0x2124, 0x2124, 0x2124, 0x2124, 0x2124, 0x2124, 0x2124,
    0x2144, 0x2124, 0x2925, 0x2125, 0x2164, 0x2903, 0x1945, 0x2411, 0x2EDC, 0x0F7F, 0x075F, 0x06FF,
    0x06FE, 0x071E, 0x06FF, 0x06FF, 0x06FF, 0x071F, 0x071F, 0x06FF, 0x073F, 0x077F, 0x277F, 0x45F8,
    0x328A, 0x18C3, 0x2944, 0x2945, 0x2145, 0x2925, 0x2924, 0x2944, 0x2124, 0x2124, 0x2124, 0x2124,
    0x2124, 0x2124, 0x2124, 0x2124, 0x2945, 0x2144, 0x2924, 0x2124, 0x2145, 0x2165, 0x2944, 0x20E3,
    0x21E8, 0x2CB2, 0x26FC, 0x177F, 0x077F, 0x077F, 0x077F, 0x075F, 0x075F, 0x075F, 0x077F, 0x179F,
    0x275E, 0x4619, 0x434D, 0x2904, 0x20E3, 0x2945, 0x2125, 0x2925, 0x2144, 0x2144, 0x2945, 0x2925,
    0x2124, 0x2124, 0x2124, 0x2124, 0x2124, 0x2124, 0x2124, 0x2124, 0x2925, 0x2945, 0x2145, 0x2145,
    0x2945, 0x2945, 0x2145, 0x2945, 0x20E3, 0x20C3, 0x29A7, 0x334D, 0x34B3, 0x2DB7, 0x2E5A, 0x2E9B,
    0x2E7B, 0x3619, 0x3D55, 0x4410, 0x3A6A, 0x2904, 0x2082, 0x2924, 0x2145, 0x2145, 0x2925, 0x2924,
    0x2145, 0x2165, 0x2924, 0x2925, 0x2124, 0x2124, 0x2124, 0x2124, 0x2124, 0x2124, 0x2124, 0x2124,
    0x2945, 0x2945, 0x2945, 0x2945, 0x2945, 0x2945, 0x2945, 0x2145, 0x2965, 0x2945, 0x2904, 0x20E3,
    0x20C2, 0x28E3, 0x3124, 0x3124, 0x3125, 0x3104, 0x28C3, 0x20A2, 0x2103, 0x2124, 0x2165, 0x2145,
    0x2125, 0x2945, 0x2145, 0x2145, 0x2145, 0x2945, 0x2925, 0x2924, 0x2124, 0x2124, 0x2124, 0x2124,
    0x2124, 0x2124, 0x2124, 0x2124, 0x2945, 0x2945, 0x2945, 0x2945, 0x2945, 0x2945, 0x2945, 0x2945,
    0x2925, 0x2945, 0x2945, 0x2965, 0x2965, 0x2145, 0x2144, 0x2124, 0x2144, 0x2124, 0x2145, 0x2965,
    0x2145, 0x2145, 0x2145, 0x2124, 0x2944, 0x2145, 0x2145, 0x2145, 0x2925, 0x2945, 0x2145, 0x2165,
    0x2124, 0x2124, 0x2124, 0x2124, 0x2124, 0x2124, 0x2124, 0x2124, 0x2945, 0x2945, 0x2945, 0x2945,
    0x2945, 0x2945, 0x2945, 0x2945, 0x2925, 0x2145, 0x2145, 0x2944, 0x2944, 0x2144, 0x2144, 0x2145,
    0x2945, 0x2145, 0x2124, 0x2945, 0x2945, 0x2945, 0x2945, 0x2945, 0x2924, 0x2145, 0x2145, 0x2945,
    0x2945, 0x2165, 0x2144, 0x2104,
};

static const uint16_t icon6_data[1600] = {
    0x2124, 0x2124, 0x2945, 0x2945, 0x2945, 0x2945, 0x2945, 0x2945, 0x2945, 0x2945, 0x2945, 0x2945,
    0x2945, 0x2945, 0x2945, 0x2124, 0x2945, 0x2945, 0x2945, 0x2124, 0x2944, 0x2944, 0x2944, 0x2944,
    0x2944, 0x2124, 0x2144, 0x2945, 0x2945, 0x2945, 0x2945, 0x2945, 0x2945, 0x2945, 0x2945, 0x2945,
    0x2945, 0x2945, 0x2945, 0x2945, 0x2124, 0x2124, 0x2945, 0x2945, 0x2945, 0x2945, 0x2945, 0x2945,
    0x2945, 0x2945, 0x2945, 0x2945, 0x2945, 0x2945, 0x2945, 0x2944, 0x2944, 0x2945, 0x2965, 0x2965,
    0x2945, 0x2944, 0x2945, 0x2965, 0x2965, 0x2965, 0x2945, 0x2944, 0x2945, 0x2945, 0x2945, 0x2945,
    0x2945, 0x2945, 0x2945, 0x2945, 0x2945, 0x2945, 0x2945, 0x2945, 0x2124, 0x2124, 0x2945, 0x2945,
    0x2945, 0x2945, 0x2945, 0x2945, 0x2945, 0x2945, 0x2945, 0x2945, 0x2945, 0x2944, 0x2945, 0x2945,
    0x2104, 0x18C4, 0x10A3, 0x10A3, 0x18E4, 0x2104, 0x18E4, 0x10A3, 0x10A3, 0x18C4, 0x2105, 0x2945,
    0x2965, 0x2945, 0x2945, 0x2945, 0x2945, 0x2945, 0x2945, 0x2945, 0x2945, 0x2945, 0x2945, 0x2945,
    0x2124, 0x2124, 0x2945, 0x2945, 0x2945, 0x2945, 0x2124, 0x2124, 0x2945, 0x2945, 0x2945, 0x2144,
    0x2944, 0x2945, 0x18E4, 0x18C3, 0x31A5, 0x5B06, 0x8469, 0xA58B, 0xB60B, 0xBE4C, 0xB62C, 0xA58B,
    0x8CA9, 0x6347, 0x39C5, 0x18E4, 0x18C4, 0x2945, 0x2965, 0x2945, 0x2945, 0x2944, 0x2945, 0x2945,
    0x2945, 0x2945, 0x2945, 0x2945, 0x2124, 0x2124, 0x2945, 0x2945, 0x2945, 0x2945, 0x2945, 0x2945,
    0x2124, 0x2945, 0x2144, 0x2965, 0x18E4, 0x18C2, 0x4A86, 0x9D4B, 0xD72E, 0xEFCF, 0xE7CE, 0xE7CE,
    0xE7CE, 0xDFAD, 0xE7CD, 0xE7CE, 0xE7CE, 0xE7CF, 0xD72E, 0xADAB, 0x5AE6, 0x18E4, 0x18E4, 0x2964,
    0x2945, 0x2925, 0x2945, 0x2945, 0x2945, 0x2945, 0x2945, 0x2945, 0x2124, 0x2124, 0x2945, 0x2945,
    0x2945, 0x2945, 0x2945, 0x2945, 0x2124, 0x2945, 0x2945, 0x18C3, 0x39E4, 0x9D4B, 0xE7AE, 0xE7ED,
    0xDF8D, 0xD74D, 0xD74C, 0xD74C, 0xD74D, 0xD76D, 0xCF2C, 0xDF8E, 0xDFAE, 0xDF8C, 0xDF6C, 0xE7EE,
    0xE7CF, 0xADAC, 0x4A66, 0x18E3, 0x2945, 0x2945, 0x2925, 0x2945, 0x2944, 0x2945, 0x2945, 0x2945,
    0x2124, 0x2124, 0x2945, 0x2945, 0x2945, 0x2945, 0x2945, 0x2945, 0x2945, 0x2125, 0x18C2, 0x6346,
    0xDF2F, 0xE7ED, 0xD74B, 0xD74D, 0xD76D, 0xD76C, 0xD76C, 0xDF6C, 0xDF6C, 0xD74C, 0xE7CE, 0xC6AC,
    0x9D29, 0xBE4B, 0xE7CE, 0xD72C, 0xD74C, 0xE7CC, 0xDF6E, 0x7C29, 0x2103, 0x2105, 0x2945, 0x2945,
    0x2945, 0x2945, 0x2945, 0x2945, 0x2124, 0x2124, 0x2124, 0x2144, 0x2925, 0x2925, 0x2944, 0x2945,
    0x2946, 0x18E2, 0x7C48, 0xDFAE, 0xDFAD, 0xD74B, 0xD76C, 0xD76C, 0xD76C, 0xDF8C, 0xD76C, 0xD76C,
    0xD74C, 0xE7AD, 0xB60C, 0x18E1, 0x0000, 0x10A1, 0x94CA, 0xE7AD, 0xD74B, 0xD74C, 0xDF6C, 0xE7CE,
    0x9529, 0x2142, 0x2105, 0x2946, 0x2945, 0x2945, 0x2945, 0x2945, 0x2124, 0x2124, 0x2124, 0x2124,
    0x2925, 0x2925, 0x2944, 0x2125, 0x10C2, 0x7C48, 0xE7CE, 0xD76B, 0xD76B, 0xD76B, 0xD76B, 0xD76C,
    0xD76C, 0xD76C, 0xD76C, 0xD76C, 0xD74C, 0xE7AD, 0x6345, 0x0000, 0x0841, 0x0000, 0x31C2, 0xDF6D,
    0xD76C, 0xD76C, 0xD76C, 0xD74B, 0xEFEE, 0x9D2A, 0x1902, 0x2925, 0x2944, 0x2945, 0x2945, 0x2945,
    0x2124, 0x2124, 0x2125, 0x2124, 0x2944, 0x2925, 0x2966, 0x18C2, 0x6345, 0xE7AE, 0xD78A, 0xD76B,
    0xD76B, 0xD76B, 0xD76B, 0xD76B, 0xD76B, 0xD76B, 0xD76C, 0xD76B, 0xD74B, 0xDFAE, 0x6BA6, 0x0000,
    0x0841, 0x0000, 0x3A03, 0xDF6E, 0xD76C, 0xD76B, 0xD76C, 0xD76C, 0xD76A, 0xE7EF, 0x8469, 0x18E2,
    0x2946, 0x2945, 0x2945, 0x2945, 0x2124, 0x2124, 0x2124, 0x2124, 0x2944, 0x2945, 0x20E4, 0x3A03,
    0xD72E, 0xDF8B, 0xD74A, 0xD76B, 0xD76B, 0xD76B, 0xD78B, 0xD78B, 0xD76B, 0xCF4A, 0xD76A, 0xD78B,
    0xD76C, 0xE7EC, 0xCF0D, 0x4AA4, 0x0840, 0x2121, 0xADCB, 0xDFAC, 0xCF4A, 0xD78B, 0xD76B, 0xD76B,
    0xD76B, 0xD76A, 0xE7AF, 0x52C5, 0x18E3, 0x2965, 0x2945, 0x2945, 0x2124, 0x2124, 0x2125, 0x2125,
    0x2124, 0x2945, 0x18E1, 0x9D4A, 0xE7EC, 0xD769, 0xD76B, 0xD76B, 0xD76A, 0xD76B, 0xD76B, 0xD76A,
    0xD78A, 0xDFCC, 0xDFCC, 0xDF4B, 0xC66C, 0xB609, 0xADC9, 0x8CC9, 0x94EA, 0xCF0B, 0xDFCB, 0xCF6A,
    0xD76B, 0xD76B, 0xD78A, 0xD76A, 0xD76B, 0xD769, 0xDFAA, 0xBE4C, 0x2122, 0x2945, 0x2945, 0x2945,
    0x2124, 0x2124, 0x2125, 0x2944, 0x2945, 0x18E4, 0x4283, 0xDF6D, 0xD76A, 0xD76B, 0xD76A, 0xD76A,
    0xD76A, 0xD76A, 0xD76A, 0xD74A, 0xDFAB, 0x8468, 0x3A03, 0x2162, 0x0881, 0x0000, 0x0000, 0x0000,
    0x5B25, 0xE7EC, 0xCF49, 0xCF4B, 0xD76A, 0xD76A, 0xCF6A, 0xD76B, 0xCF6A, 0xD769, 0xD74A, 0xE7CD,
    0x6BA6, 0x18A3, 0x2945, 0x2945, 0x2124, 0x2124, 0x2124, 0x2124, 0x2946, 0x10C1, 0x9509, 0xE7CC,
    0xCF49, 0xD76A, 0xD76A, 0xD76A, 0xD76A, 0xD76A, 0xD769, 0xD769, 0xDFAD, 0x29A2, 0x0840, 0x4A64,
    0x6B87, 0x10A1, 0x0000, 0x0000, 0x0860, 0xB60B, 0xDFCB, 0xCF49, 0xCF49, 0xD78A, 0xD7AA, 0xCF69,
    0xD78A, 0xCF49, 0xD769, 0xDFA9, 0xB62C, 0x2123, 0x2925, 0x2945, 0x2124, 0x2124, 0x2944, 0x2125,
    0x2104, 0x29A1, 0xCEEC, 0xD789, 0xD769, 0xCF69, 0xD769, 0xCF69, 0xCF69, 0xD769, 0xCF69, 0xD769,
    0xCF0B, 0x1901, 0x7C47, 0xF7ED, 0xBE2B, 0x0880, 0x0000, 0x0021, 0x0000, 0x5B05, 0xDF8C, 0xD768,
    0xE7EA, 0xD72B, 0xBE8A, 0xD78A, 0xCF69, 0xCF6A, 0xD76A, 0xCF68, 0xDF6D, 0x4A84, 0x2105, 0x2945,
    0x2124, 0x2124, 0x2925, 0x2945, 0x18C3, 0x5B24, 0xDFAC, 0xCF48, 0xD769, 0xCF68, 0xD788, 0xCF69,
    0xCF69, 0xD769, 0xCF49, 0xD78A, 0xB629, 0x0860, 0x9D48, 0xF7EC, 0x6B85, 0x0000, 0x0020, 0x0000,
    0x0000, 0x1060, 0xB5EB, 0xE7CC, 0x9D48, 0x31A3, 0x0880, 0xB64A, 0xD7C9, 0xCF69, 0xCF6A, 0xCF48,
    0xDFCB, 0x7C26, 0x18C3, 0x2965, 0x2124, 0x2124, 0x2124, 0x2946, 0x10A3, 0x7C66, 0xDFEA, 0xCF48,
    0xCF68, 0xCF68, 0xCF68, 0xCF69, 0xCF68, 0xCF68, 0xCF48, 0xDFEA, 0x9549, 0x0040, 0xADE8, 0xE7AB,
    0x39E1, 0x0000, 0x0000, 0x10A0, 0x52E7, 0x0040, 0x4225, 0x3A04, 0x0000, 0x18E1, 0x8467, 0xD74B,
    0xCF67, 0xCF68, 0xCF69, 0xCF49, 0xDFC9, 0x9D68, 0x18C2, 0x2965, 0x2124, 0x2124, 0x2124, 0x2945,
    0x18C2, 0x9528, 0xDFE9, 0xCF47, 0xCF68, 0xCF67, 0xCF68, 0xCF68, 0xCF68, 0xCF68, 0xCF47, 0xDFEA,
    0x7C47, 0x10C1, 0xD72B, 0xB64A, 0x0880, 0x0841, 0x0000, 0x31E1, 0xD72E, 0x4243, 0x0000, 0x10A0,
    0x6BC5, 0xCF2B, 0xDFE9, 0xD787, 0xCF68, 0xCF68, 0xCF67, 0xCF67, 0xDFA9, 0xADC9, 0x1903, 0x2945,
    0x2124, 0x2124, 0x2924, 0x2924, 0x1902, 0xA5C9, 0xDFC8, 0xCF47, 0xCF67, 0xCF67, 0xCF67, 0xCF67,
    0xCF68, 0xCF68, 0xCF66, 0xDFC9, 0x84C6, 0x4AA2, 0xEFEC, 0x6BE5, 0x0000, 0x0840, 0x0000, 0x7C46,
    0xEFEA, 0xADE7, 0x73E4, 0xC6A9, 0xDFE8, 0xD7A7, 0xCF47, 0xCF67, 0xCF68, 0xCF67, 0xCF67, 0xCF67,
    0xD787, 0xBE2A, 0x2123, 0x2145, 0x2124, 0x2124, 0x2945, 0x2924, 0x1901, 0xADE9, 0xD7A7, 0xCF47,
    0xCF67, 0xCF67, 0xCF67, 0xCF67, 0xCF67, 0xCF67, 0xCF67, 0xCF67, 0xCF67, 0xCF27, 0xDFAA, 0x4242,
    0x0000, 0x0000, 0x0020, 0x9509, 0xDFE8, 0xD786, 0xDFA8, 0xD7A7, 0xCF47, 0xCF47, 0xCF87, 0xCF66,
    0xCF66, 0xCF67, 0xCF67, 0xCF67, 0xD787, 0xBE6A, 0x2123, 0x2124, 0x2124, 0x2124, 0x2924, 0x2945,
    0x1902, 0xA5C8, 0xD7A7, 0xCF47, 0xCF67, 0xCF66, 0xCF66, 0xCF66, 0xCF66, 0xCF66, 0xCF67, 0xCF66,
    0xCF66, 0xD787, 0xBE89, 0x18E0, 0x10A1, 0x4AA6, 0x0841, 0x0860, 0x7C66, 0xDFA9, 0xCF65, 0xC726,
    0xCF67, 0xCF67, 0xC746, 0xCF67, 0xCF66, 0xCF66, 0xCF66, 0xCF66, 0xD786, 0xB62A, 0x2124, 0x2144,
    0x2124, 0x2124, 0x2924, 0x2945, 0x18C2, 0x9547, 0xDFC7, 0xC745, 0xCF66, 0xCF66, 0xCF66, 0xCF66,
    0xC766, 0xC765, 0xCF66, 0xCF66, 0xC726, 0xD7A7, 0xADE9, 0x0000, 0x4AA2, 0xE7AB, 0x9D66, 0x2961,
    0x0000, 0x52C4, 0xCF08, 0xDFC7, 0xC745, 0xCF66, 0xCF66, 0xCF66, 0xCF66, 0xCF66, 0xCF66, 0xCF66,
    0xD7A6, 0xA5C9, 0x18E4, 0x2945, 0x2124, 0x2925, 0x2945, 0x2945, 0x10A2, 0x8485, 0xDFE7, 0xC744,
    0xCF66, 0xC766, 0xC766, 0xCF65, 0xC766, 0xC765, 0xC766, 0xCF65, 0xCF45, 0xD7A6, 0x84A7, 0x0000,
    0x84A6, 0xDFC6, 0xD7A5, 0xC6E7, 0x6BC4, 0x1080, 0x31C1, 0xAE07, 0xD787, 0xC765, 0xCF65, 0xCF65,
    0xCF65, 0xCF65, 0xCF65, 0xC745, 0xDFC7, 0x9507, 0x18C3, 0x2965, 0x2124, 0x2124, 0x2924, 0x2945,
    0x18C4, 0x5B43, 0xD7A8, 0xC765, 0xCF65, 0xC765, 0xC765, 0xCF65, 0xC765, 0xC765, 0xC765, 0xCF65,
    0xC745, 0xDFE6, 0x5B03, 0x0040, 0xB648, 0xCF65, 0xC704, 0xDFE6, 0xD789, 0x4263, 0x0000, 0x31C2,
    0xCF67, 0xC764, 0xC765, 0xCF65, 0xC765, 0xC765, 0xC765, 0xC744, 0xDFC9, 0x6BA6, 0x18C4, 0x2965,
    0x2124, 0x2124, 0x2924, 0x2945, 0x18E5, 0x3201, 0xC708, 0xCF65, 0xC745, 0xC764, 0xC764, 0xCF64,
    0xC765, 0xC765, 0xC765, 0xC764, 0xCF85, 0xD787, 0x2961, 0x2981, 0xD748, 0xCF63, 0xDFC6, 0xA5A7,
    0x29A2, 0x0000, 0x3A42, 0xB646, 0xCF86, 0xC764, 0xCF65, 0xC765, 0xC765, 0xC764, 0xC765, 0xC763,
    0xD74B, 0x4225, 0x18E3, 0x2944, 0x2124, 0x2124, 0x2125, 0x2945, 0x2944, 0x10C1, 0x9546, 0xD7C5,
    0xC744, 0xC764, 0xCF64, 0xCF64, 0xC764, 0xC765, 0xC745, 0xCF83, 0xD768, 0x4A82, 0x0000, 0x8CE5,
    0xE7E7, 0xC6E5, 0x63A4, 0x0000, 0x0860, 0x7C64, 0xD767, 0xD785, 0xC764, 0xC764, 0xC764, 0xC764,
    0xC764, 0xC765, 0xC744, 0xD7A5, 0xADCA, 0x18E3, 0x2944, 0x2945, 0x2124, 0x2945, 0x2925, 0x2944,
    0x2945, 0x10A4, 0x4AC2, 0xD787, 0xC763, 0xC764, 0xCF84, 0xC744, 0xC764, 0xC744, 0xCF83, 0xD786,
    0x4AC2, 0x0000, 0x7423, 0xDFC7, 0x9D85, 0x2961, 0x0000, 0x3A02, 0xAE26, 0xDFE5, 0xC762, 0xC724,
    0xC764, 0xC764, 0xC764, 0xC763, 0xC744, 0xC744, 0xBF22, 0xDFA9, 0x5B25, 0x18C3, 0x2945, 0x2945,
    0x2124, 0x2124, 0x2124, 0x2924, 0x2124, 0x2126, 0x1902, 0x9DA6, 0xCFA5, 0xC763, 0xC763, 0xC763,
    0xC744, 0xCFA2, 0xD786, 0x52C3, 0x0000, 0x6383, 0xD786, 0xD766, 0x4261, 0x0040, 0x7424, 0xCF65,
    0xCFA3, 0xC723, 0xC764, 0xC762, 0xC763, 0xC763, 0xC763, 0xC763, 0xC764, 0xC742, 0xCFA4, 0xADEA,
    0x1902, 0x2145, 0x2945, 0x2945, 0x2124, 0x2124, 0x2924, 0x2125, 0x2125, 0x2945, 0x18E5, 0x3A61,
    0xCF67, 0xC763, 0xC743, 0xC743, 0xCF82, 0xCF66, 0x5303, 0x0000, 0x52E2, 0xD765, 0xCF42, 0xCF64,
    0xB664, 0xA623, 0xDFE4, 0xCF63, 0xC743, 0xC762, 0xC783, 0xC763, 0xC763, 0xC763, 0xC744, 0xC764,
    0xC763, 0xC763, 0xD769, 0x4AA4, 0x18E5, 0x2965, 0x2945, 0x2945, 0x2124, 0x2124, 0x2124, 0x2125,
    0x2125, 0x2944, 0x2946, 0x18C2, 0x6BE3, 0xD7A6, 0xC741, 0xC742, 0xD785, 0x5B63, 0x0000, 0x4262,
    0xCF26, 0xCF82, 0xC742, 0xC762, 0xCF83, 0xCFA3, 0xBF42, 0xC743, 0xC763, 0xC762, 0xC762, 0xC763,
    0xC743, 0xC762, 0xC763, 0xBF42, 0xBF41, 0xD7C8, 0x7406, 0x18C3, 0x2946, 0x2945, 0x2945, 0x2945,
    0x2124, 0x2124, 0x2144, 0x2125, 0x2125, 0x2124, 0x2944, 0x2126, 0x10C1, 0x84C4, 0xDFC5, 0xC741,
    0xCF65, 0x5322, 0x3A41, 0xC706, 0xCFA1, 0xC742, 0xC762, 0xC762, 0xBF42, 0xBF42, 0xC762, 0xC762,
    0xC762, 0xC762, 0xC762, 0xC762, 0xC762, 0xC744, 0xC762, 0xBF40, 0xD7C6, 0x8CE8, 0x10C3, 0x2125,
    0x2944, 0x2925, 0x2945, 0x2945, 0x2124, 0x2124, 0x2124, 0x2124, 0x2125, 0x2125, 0x2124, 0x2945,
    0x2105, 0x2102, 0x84A5, 0xCFA3, 0xCF82, 0xC722, 0xC762, 0xCF82, 0xC741, 0xC762, 0xC762, 0xC762,
    0xC762, 0xC762, 0xC762, 0xC762, 0xC762, 0xC762, 0xC762, 0xC762, 0xC762, 0xBF40, 0xC760, 0xD7C7,
    0x8CE8, 0x1902, 0x2126, 0x2945, 0x2124, 0x2945, 0x2945, 0x2945, 0x2124, 0x2124, 0x2125, 0x2125,
    0x2144, 0x2124, 0x2125, 0x2944, 0x2945, 0x2125, 0x10C1, 0x6BC4, 0xCF66, 0xCFC1, 0xBF41, 0xBF41,
    0xC761, 0xC762, 0xC762, 0xC761, 0xC761, 0xC761, 0xC761, 0xC761, 0xC762, 0xC762, 0xC762, 0xBF41,
    0xBF40, 0xCFA2, 0xD769, 0x73E8, 0x18C3, 0x2105, 0x2944, 0x2944, 0x2125, 0x2945, 0x2945, 0x2945,
    0x2124, 0x2124, 0x2124, 0x2125, 0x2124, 0x2124, 0x2945, 0x2124, 0x2944, 0x2945, 0x2125, 0x18A4,
    0x4262, 0x9DA6, 0xCF85, 0xCFC1, 0xC760, 0xBF41, 0xBF41, 0xBF41, 0xBF41, 0xBF41, 0xBF41, 0xBF41,
    0xBF41, 0xBF41, 0xC760, 0xCFA1, 0xD7A5, 0xADE9, 0x4A66, 0x18A3, 0x2925, 0x2945, 0x2924, 0x2944,
    0x2944, 0x2945, 0x2945, 0x2945, 0x2124, 0x2124, 0x2124, 0x2124, 0x2124, 0x2124, 0x2124, 0x2124,
    0x2124, 0x2124, 0x2924, 0x2945, 0x18C4, 0x18E3, 0x52C4, 0x9DA6, 0xC725, 0xD7C3, 0xCFC1, 0xC7A0,
    0xC7A0, 0xC7A1, 0xC7A1, 0xC781, 0xCFC1, 0xDFC4, 0xCF27, 0xA5C8, 0x5AE6, 0x18C4, 0x18C5, 0x2965,
    0x2144, 0x2945, 0x2944, 0x2944, 0x2945, 0x2945, 0x2945, 0x2945, 0x2124, 0x2124, 0x2124, 0x2124,
    0x2124, 0x2124, 0x2124, 0x2124, 0x2124, 0x2124, 0x2125, 0x2124, 0x2944, 0x2944, 0x18C4, 0x18C4,
    0x39E5, 0x6366, 0x8CC7, 0x9DA6, 0xAE25, 0xB665, 0xAE25, 0xA5A7, 0x8CC8, 0x6B88, 0x39E7, 0x18C5,
    0x18A4, 0x2946, 0x2965, 0x2144, 0x2125, 0x2925, 0x2944, 0x2944, 0x2945, 0x2945, 0x2945, 0x2945,
    0x2124, 0x2124, 0x2124, 0x2124, 0x2124, 0x2124, 0x2124, 0x2124, 0x2124, 0x2124, 0x2944, 0x2124,
    0x2125, 0x2125, 0x2945, 0x2124, 0x2104, 0x10A4, 0x18C5, 0x18E5, 0x2105, 0x2125, 0x2105, 0x18E5,
    0x18A5, 0x18A4, 0x2104, 0x2944, 0x2944, 0x2944, 0x2944, 0x2125, 0x2945, 0x2944, 0x2944, 0x2945,
    0x2925, 0x2945, 0x2945, 0x2945, 0x2124, 0x2124, 0x2124, 0x2124, 0x2124, 0x2124, 0x2124, 0x2124,
    0x2124, 0x2124, 0x2124, 0x2124, 0x2144, 0x2125, 0x2125, 0x2125, 0x2944, 0x2965, 0x2945, 0x2945,
    0x2144, 0x2124, 0x2145, 0x2945, 0x2965, 0x2965, 0x2944, 0x2925, 0x2944, 0x2944, 0x2124, 0x2125,
    0x2945, 0x2945, 0x2945, 0x2944, 0x2944, 0x2945, 0x2945, 0x2945, 0x2124, 0x2124, 0x2124, 0x2124,
    0x2124, 0x2124, 0x2124, 0x2124, 0x2124, 0x2124, 0x2124, 0x2124, 0x2124, 0x2124, 0x2124, 0x2124,
    0x2124, 0x2124, 0x2124, 0x2945, 0x2945, 0x2945, 0x2945, 0x2945, 0x2945, 0x2125, 0x2945, 0x2945,
    0x2945, 0x2945, 0x2945, 0x2945, 0x2945, 0x2945, 0x2945, 0x2945, 0x2945, 0x2945, 0x2945, 0x2945,
    0x2124, 0x2124, 0x2124, 0x2124, 0x2124, 0x2124, 0x2124, 0x2124, 0x2124, 0x2124, 0x2124, 0x2124,
    0x2124, 0x2124, 0x2124, 0x2124, 0x2124, 0x2124, 0x2124, 0x2945, 0x2945, 0x2945, 0x2945, 0x2945,
    0x2945, 0x2945, 0x2945, 0x2945, 0x2945, 0x2945, 0x2945, 0x2945, 0x2945, 0x2945, 0x2945, 0x2945,
    0x2945, 0x2945, 0x2945, 0x2945,
};

static const uint16_t icon7_data[1600] = {
    0x2124, 0x2124, 0x2124, 0x2124, 0x2945, 0x2945, 0x2945, 0x2945, 0x2945, 0x2945, 0x2124, 0x2945,
    0x2945, 0x2945, 0x2945, 0x2965, 0x2124, 0x18C3, 0x10A2, 0x18C3, 0x18E3, 0x18E3, 0x18C3, 0x18C3,
    0x10A2, 0x10A2, 0x18E3, 0x2945, 0x2965, 0x2945, 0x2945, 0x2945, 0x2944, 0x2144, 0x2124, 0x2925,
    0x2925, 0x2945, 0x2944, 0x2944, 0x2124, 0x2124, 0x2124, 0x2124, 0x2945, 0x2945, 0x2945, 0x2945,
    0x2945, 0x2945, 0x2945, 0x2124, 0x2945, 0x2945, 0x2104, 0x10A2, 0x2124, 0x4A49, 0x6B6D, 0x8430,
    0x9CD3, 0xA514, 0x9CF3, 0x94B2, 0x8430, 0x632C, 0x4208, 0x2104, 0x10A2, 0x2104, 0x2965, 0x2945,
    0x2124, 0x2124, 0x2124, 0x2945, 0x2945, 0x2124, 0x2945, 0x2945, 0x2124, 0x2124, 0x2124, 0x2124,
    0x2945, 0x2945, 0x2945, 0x2945, 0x2124, 0x2945, 0x2945, 0x2945, 0x2104, 0x10A2, 0x39C7, 0x7BEF,
    0xB5B6, 0xD6BA, 0xDEFB, 0xDEDB, 0xDEDB, 0xD6BA, 0xD6BA, 0xDEDB, 0xDEDB, 0xDEFB, 0xCE79, 0xAD75,
    0x738E, 0x3186, 0x18C3, 0x2124, 0x2965, 0x2124, 0x2945, 0x2124, 0x2945, 0x2945, 0x2945, 0x2945,
    0x2124, 0x2124, 0x2124, 0x2124, 0x2945, 0x2945, 0x2945, 0x2945, 0x2124, 0x2945, 0x2945, 0x18C3,
    0x3186, 0x8C71, 0xC638, 0xDEDB, 0xD6BA, 0xC638, 0xC638, 0xCE59, 0xCE59, 0xC638, 0xC638, 0xC638,
    0xC638, 0xC638, 0xCE79, 0xD69A, 0xDEDB, 0xC618, 0x7BCF, 0x2945, 0x18C3, 0x2945, 0x2945, 0x2945,
    0x2945, 0x2945, 0x2945, 0x2945, 0x2124, 0x2124, 0x2124, 0x2124, 0x2945, 0x2945, 0x2945, 0x2124,
    0x2945, 0x2945, 0x10A2, 0x52AA, 0xC638, 0xDEFB, 0xCE79, 0xC638, 0xC638, 0xCE59, 0xCE59, 0xC638,
    0xC638, 0xCE59, 0xCE79, 0xC638, 0xC638, 0xCE59, 0xCE59, 0xC638, 0xC638, 0xCE79, 0xDEFB, 0xB596,
    0x4A69, 0x10A2, 0x2945, 0x2945, 0x2945, 0x2124, 0x2945, 0x2945, 0x2124, 0x2124, 0x2124, 0x2124,
    0x2945, 0x2945, 0x2124, 0x2945, 0x2124, 0x18C3, 0x7BCF, 0xD6BA, 0xD69A, 0xC638, 0xCE59, 0xC638,
    0xCE59, 0xCE79, 0xCE59, 0xE71C, 0xD6BA, 0xC638, 0xC638, 0xE71C, 0xE71C, 0xC638, 0xCE79, 0xCE59,
    0xC638, 0xCE59, 0xC638, 0xD69A, 0xD69A, 0x632C, 0x18C3, 0x2945, 0x2945, 0x2945, 0x2945, 0x2945,
    0x2124, 0x2124, 0x2124, 0x2124, 0x2124, 0x2945, 0x2945, 0x2124, 0x18C3, 0x8410, 0xDEFB, 0xCE59,
    0xCE59, 0xCE59, 0xCE59, 0xD69A, 0xCE79, 0xC638, 0xCE79, 0xFFFF, 0xF79E, 0xC638, 0xCE59, 0xFFDF,
    0xFFDF, 0xCE59, 0xCE59, 0xC638, 0xCE79, 0xC638, 0xCE79, 0xC638, 0xCE79, 0xDEDB, 0x6B6D, 0x10A2,
    0x2124, 0x2945, 0x2124, 0x2945, 0x2124, 0x2124, 0x2124, 0x2124, 0x2945, 0x2124, 0x2945, 0x18C3,
    0x73AE, 0xDEFB, 0xC638, 0xCE59, 0xCE79, 0xCE59, 0xD69A, 0xFFDF, 0xEF5D, 0xC638, 0xC638, 0xF7BE,
    0xF7BE, 0xCE59, 0xCE59, 0xFFDF, 0xF79E, 0xC618, 0xC618, 0xE71C, 0xFFDF, 0xD6BA, 0xCE59, 0xCE59,
    0xCE59, 0xCE59, 0xDEDB, 0x5AEB, 0x18E3, 0x2945, 0x2945, 0x2124, 0x2124, 0x2124, 0x2124, 0x2124,
    0x2124, 0x2965, 0x10A2, 0x528A, 0xD6BA, 0xCE79, 0xC638, 0xC638, 0xC638, 0xC638, 0xCE59, 0xF7BE,
    0xFFFF, 0xDEDB, 0xDEDB, 0xFFDF, 0xFFFF, 0xFFDF, 0xFFDF, 0xFFFF, 0xFFDF, 0xD6BA, 0xD6BA, 0xFFFF,
    0xFFDF, 0xD6BA, 0xC638, 0xC638, 0xC638, 0xC638, 0xCE79, 0xCE79, 0x39E7, 0x18E3, 0x2965, 0x2124,
    0x2124, 0x2124, 0x2124, 0x2124, 0x2125, 0x2124, 0x2945, 0xB5B6, 0xD69A, 0xC638, 0xC638, 0xD6BA,
    0xDEFB, 0xCE79, 0xC618, 0xD69A, 0xFFFF, 0xFFFF, 0xFFFF, 0xFFDF, 0xEF7D, 0xEF7D, 0xEF5D, 0xEF7D,
    0xFFFF, 0xFFFF, 0xFFFF, 0xFFFF, 0xDEDB, 0xC618, 0xC618, 0xCE9A, 0xCE59, 0xCE59, 0xC618, 0xDEDB,
    0xA514, 0x2104, 0x2124, 0x2945, 0x2124, 0x2124, 0x2124, 0x2124, 0x2945, 0x10A2, 0x7BCF, 0xDEDB,
    0xC638, 0xCE59, 0xC638, 0xE71C, 0xFFFF, 0xEF7D, 0xCE79, 0xEF5D, 0xFFFF, 0xFFFF, 0xEF5D, 0xC638,
    0xC638, 0xC618, 0xC638, 0xC618, 0xC659, 0xDEFB, 0xF7BF, 0xFFFF, 0xEF7D, 0xCE59, 0xDEFB, 0xFFFF,
    0xDF1C, 0xC618, 0xCE59, 0xC618, 0xD6DB, 0x632C, 0x10C3, 0x2945, 0x2124, 0x2124, 0x2124, 0x2945,
    0x2124, 0x2986, 0xBDF7, 0xCE79, 0xC638, 0xC659, 0xC659, 0xC618, 0xEF5D, 0xFFFF, 0xFFDF, 0xFFFF,
    0xE71C, 0xF7DF, 0xFFDF, 0xC638, 0xC638, 0xC639, 0xC638, 0xC638, 0xC618, 0xBDF7, 0xC659, 0xE73D,
    0xFFFF, 0xFFFF, 0xFFFF, 0xF7DF, 0xD6BA, 0xC618, 0xC638, 0xC618, 0xCE59, 0xB5B6, 0x2124, 0x2125,
    0x2124, 0x2124, 0x2124, 0x2945, 0x10C3, 0x6B4D, 0xD6DB, 0xBE18, 0xC638, 0xBDF7, 0xBE18, 0xBE18,
    0xBE18, 0xF7DF, 0xFFFF, 0xDEDB, 0xB5B7, 0xDEFB, 0xFFFF, 0xE73C, 0xBDF8, 0xC618, 0xC618, 0xC618,
    0xC638, 0xC638, 0xBDF8, 0xBDF7, 0xDF1C, 0xFFFF, 0xFFFF, 0xCE59, 0xB5B6, 0xBDF7, 0xBDF8, 0xC618,
    0xBDF8, 0xCE79, 0x52AA, 0x18C3, 0x2124, 0x2124, 0x2945, 0x2124, 0x18E3, 0xA514, 0xCE59, 0xBDF8,
    0xBDF8, 0xCE9A, 0xDEFB, 0xBDF8, 0xCE7A, 0xFFFF, 0xE73D, 0xB5B7, 0xBE18, 0xBE18, 0xF79E, 0xFFFF,
    0xCE59, 0xBDF7, 0xC618, 0xBDF8, 0xBE18, 0xBDF8, 0xC618, 0xBDF8, 0xBDD7, 0xEF7E, 0xFFFF, 0xD69A,
    0xBDF7, 0xD6BB, 0xCE7A, 0xBDD7, 0xBDF7, 0xCE79, 0x8431, 0x10C3, 0x2124, 0x2124, 0x2945, 0x2104,
    0x3186, 0xBDF7, 0xC618, 0xBE18, 0xBDD7, 0xEF7D, 0xFFFF, 0xF7BE, 0xFFDF, 0xF7BE, 0xBE18, 0xBDD7,
    0xC618, 0xB5D7, 0xD6BA, 0xFFFF, 0xE75D, 0xB5D7, 0xBDF7, 0xBDF8, 0xBDF7, 0xBDF7, 0xBDF7, 0xBDF7,
    0xB5B6, 0xC639, 0xFFFF, 0xF7DF, 0xF7DF, 0xFFFF, 0xE75D, 0xB5D7, 0xB5D7, 0xC618, 0xAD55, 0x2124,
    0x2124, 0x2124, 0x2945, 0x18C3, 0x4A69, 0xC659, 0xBDF7, 0xBDF8, 0xB5D7, 0xC618, 0xDEFB, 0xF7BE,
    0xFFFF, 0xE71C, 0xADB6, 0xBDF8, 0xBDF7, 0xBDD7, 0xB5D7, 0xEF9E, 0xFFFF, 0xCE79, 0xB5B6, 0xBDF8,
    0xB5F7, 0xB5D7, 0xB5F7, 0xB5D7, 0xB5D7, 0xB5D7, 0xEF7D, 0xFFFF, 0xF7BE, 0xDEFB, 0xBE18, 0xB5B7,
    0xB5D7, 0xB5D7, 0xB5D7, 0x39C7, 0x2124, 0x2124, 0x2945, 0x18C3, 0x632C, 0xC659, 0xB5D7, 0xBDF7,
    0xB5B7, 0xAD96, 0xA534, 0xD6BA, 0xFFFF, 0xCE59, 0xAD96, 0xB5D7, 0xB5B7, 0xB5D7, 0xAD76, 0xCE59,
    0xFFFF, 0xEF9E, 0xB596, 0xAD76, 0xAD96, 0xAD96, 0xAD96, 0xAD76, 0xAD96, 0xA555, 0xCE79, 0xFFFF,
    0xCE9A, 0x9CF3, 0xA555, 0xB5B7, 0xADB6, 0xAD96, 0xBDF7, 0x4229, 0x2124, 0x2124, 0x2945, 0x10A2,
    0x6B8E, 0xC639, 0xB596, 0xAD96, 0xB5D7, 0xD69A, 0xCE79, 0xE75D, 0xFFFF, 0xBDD7, 0xAD96, 0xB5B7,
    0xB5B6, 0xB5B7, 0xB5B7, 0xAD96, 0xE73C, 0xFFFF, 0xDEDB, 0xC638, 0xCE59, 0xC659, 0xC659, 0xC659,
    0xC659, 0xC638, 0xD6BB, 0xFFFF, 0xE73C, 0xC659, 0xC659, 0xB5D7, 0xAD76, 0xAD76, 0xBDF8, 0x52AA,
    0x2124, 0x2124, 0x2945, 0x10A2, 0x73EF, 0xBE18, 0xB596, 0xAD96, 0xD6BA, 0xFFFF, 0xFFFF, 0xFFFF,
    0xFFDF, 0xB5B6, 0xAD96, 0xAD96, 0xAD96, 0xAD96, 0xB596, 0xA535, 0xC638, 0xFFFF, 0xFFFF, 0xFFFF,
    0xFFFF, 0xFFFF, 0xFFFF, 0xFFFF, 0xFFFF, 0xFFFF, 0xFFFF, 0xFFFF, 0xFFFF, 0xFFFF, 0xFFFF, 0xD6BA,
    0xA555, 0xAD76, 0xBDD7, 0x5AEB, 0x2124, 0x2124, 0x2945, 0x10A2, 0x73AE, 0xBDF8, 0xAD76, 0xA575,
    0xB5D7, 0xCE9A, 0xCE79, 0xEF7D, 0xFFFF, 0xB5B6, 0xA576, 0xAD96, 0xA575, 0xAD96, 0xAD76, 0xA555,
    0xE71C, 0xFFFF, 0xD6BB, 0xCE7A, 0xCE9A, 0xCE9A, 0xCE9A, 0xCE9A, 0xD69A, 0xCE79, 0xDEFB, 0xFFFF,
    0xEF7E, 0xCE9A, 0xCE9A, 0xAD96, 0xA555, 0xA555, 0xB5D7, 0x52CB, 0x2124, 0x2124, 0x2945, 0x10A2,
    0x634D, 0xB5D7, 0xA575, 0xA576, 0xA555, 0xA535, 0x94B2, 0xC659, 0xFFFF, 0xBDF7, 0x9D55, 0xA576,
    0xA575, 0xA576, 0xA534, 0xC618, 0xFFFF, 0xEF5D, 0xA535, 0x9D14, 0x9D34, 0x9D34, 0x9D14, 0x9D14,
    0x9D35, 0x94D3, 0xC618, 0xFFFF, 0xCE59, 0x8C92, 0x9D14, 0xA555, 0xA555, 0xA535, 0xADB6, 0x4A69,
    0x2124, 0x2124, 0x2945, 0x18C3, 0x52AB, 0xB5B6, 0xA555, 0xA555, 0xA535, 0xAD76, 0xB5D7, 0xDEFB,
    0xFFFF, 0xD6BA, 0x9D14, 0xA555, 0xA555, 0xA555, 0xA534, 0xEF7D, 0xFFFF, 0xBDD7, 0x9D14, 0xA555,
    0xA555, 0xA555, 0xA555, 0xA555, 0xA555, 0x9CF4, 0xE73C, 0xFFFF, 0xEF5D, 0xC618, 0xA535, 0x9D34,
    0x9D35, 0x9D35, 0xA555, 0x31C7, 0x2124, 0x2124, 0x2945, 0x18E3, 0x39C7, 0xA555, 0x9D34, 0xA535,
    0x9D14, 0xD6DB, 0xFFFF, 0xFFFF, 0xFFFF, 0xF7BE, 0xA555, 0x9D14, 0xA555, 0x94D3, 0xC659, 0xFFFF,
    0xD6DB, 0x9CF3, 0xA535, 0x9D34, 0x9D34, 0x9D35, 0x9D34, 0x9D35, 0x94D3, 0xB5B6, 0xFFFF, 0xFFDF,
    0xFFFF, 0xFFFF, 0xDF1C, 0x94F4, 0x9D14, 0x9D35, 0x94D3, 0x2145, 0x2124, 0x2124, 0x2124, 0x2124,
    0x1904, 0x94B3, 0xA535, 0x9D14, 0x9CF4, 0xBE18, 0xD6DB, 0xBDF7, 0xD69A, 0xFFFF, 0xD6BB, 0x94D3,
    0x9CF4, 0xA555, 0xF7BF, 0xF7DF, 0xA555, 0x94F3, 0x9D14, 0x9D14, 0x9D14, 0x9D14, 0x9D35, 0x94F4,
    0x94F4, 0xE73D, 0xFFFF, 0xCE79, 0xAD76, 0xD6DB, 0xC638, 0x94D3, 0x94F4, 0xA555, 0x7BF0, 0x10C3,
    0x2124, 0x2124, 0x2124, 0x2124, 0x18C3, 0x73AE, 0xA575, 0x94F4, 0x9D14, 0x94F3, 0x94F3, 0x8C71,
    0xA535, 0xF7DF, 0xFFFF, 0xC639, 0x8C51, 0xD6BB, 0xFFFF, 0xCE9A, 0x8CB3, 0x9514, 0x94F4, 0x9514,
    0x9514, 0x9D34, 0x94D3, 0x8CB2, 0xD6BA, 0xFFFF, 0xF7BF, 0xA534, 0x8431, 0x94B3, 0x8CB3, 0x94F4,
    0x94D3, 0xA555, 0x52CB, 0x18C3, 0x2124, 0x2124, 0x2124, 0x2945, 0x18E3, 0x3A08, 0xA555, 0x94F4,
    0x94F4, 0x9514, 0x94F4, 0xA555, 0xEF7E, 0xFFFF, 0xFFFF, 0xFFFF, 0xDEFB, 0xFFDF, 0xEF7E, 0x94D3,
    0x8CD3, 0x94F4, 0x94F4, 0x94D3, 0x94D3, 0x8C92, 0x94D3, 0xDEFB, 0xFFFF, 0xFFFF, 0xFFFF, 0xE73C,
    0x9D14, 0x94D3, 0x94F3, 0x94D3, 0x94F3, 0x9CF4, 0x2945, 0x2104, 0x2124, 0x2124, 0x2124, 0x2124,
    0x2124, 0x18E3, 0x7BF0, 0xA555, 0x8CD3, 0x9514, 0x8C92, 0xBE39, 0xFFFF, 0xCE7A, 0xAD96, 0xEF7E,
    0xFFFF, 0xFFFF, 0xD69A, 0x94B2, 0x8CB2, 0x8C92, 0x8C92, 0x94B3, 0x9CF4, 0xBE18, 0xEF5D, 0xFFFF,
    0xF79E, 0xB5B6, 0xD6BA, 0xFFFF, 0xBE19, 0x8472, 0x94F4, 0x8C92, 0xAD76, 0x6B6D, 0x18C3, 0x2945,
    0x2124, 0x2124, 0x2124, 0x2124, 0x2945, 0x2104, 0x3A08, 0x94F3, 0x8CD3, 0x8CD3, 0x8CD3, 0x94F3,
    0xA576, 0x8C92, 0x7C10, 0xBDF7, 0xFFFF, 0xFFFF, 0xFFFF, 0xF7BE, 0xE75D, 0xDF1C, 0xE71C, 0xE75D,
    0xF7BE, 0xFFFF, 0xFFFF, 0xFFFF, 0xBE18, 0x7BEF, 0x8CB3, 0xAD96, 0x94F4, 0x8CB3, 0x8CB3, 0x94D3,
    0x94D3, 0x2965, 0x2124, 0x2945, 0x2124, 0x2124, 0x2124, 0x2124, 0x2124, 0x2125, 0x18E3, 0x634D,
    0x9514, 0x8CB2, 0x8CD3, 0x8C92, 0x8C92, 0x8CB2, 0x94F3, 0xE73D, 0xFFFF, 0xC638, 0xD6DA, 0xF7DF,
    0xFFFF, 0xFFFF, 0xFFFF, 0xFFFF, 0xFFFF, 0xDEDB, 0xC638, 0xFFDF, 0xE73C, 0x94D3, 0x8C92, 0x8451,
    0x8472, 0x8CB3, 0x8472, 0x9D35, 0x4AAA, 0x10C3, 0x2945, 0x2124, 0x2124, 0x2124, 0x2124, 0x2124,
    0x2124, 0x2124, 0x2104, 0x2145, 0x7C30, 0x94F4, 0x8C92, 0x8C93, 0x8CD3, 0x8472, 0xA555, 0xFFFF,
    0xD6DB, 0x8431, 0x7C30, 0xCE9A, 0xFFFF, 0xB5F7, 0xA575, 0xF7DF, 0xE75D, 0x8431, 0x7C10, 0xD6DB,
    0xFFFF, 0x9D14, 0x8472, 0x94D3, 0x8CB3, 0x8471, 0xA535, 0x73AE, 0x18E3, 0x2145, 0x2145, 0x2124,
    0x2124, 0x2124, 0x2124, 0x2124, 0x2124, 0x2124, 0x2945, 0x18E3, 0x31A6, 0x8472, 0x94D3, 0x8472,
    0x8CB3, 0x8CB2, 0x8CB2, 0xADB7, 0x94D3, 0x8471, 0x8C92, 0xEF9E, 0xF7DF, 0x8C92, 0x7C10, 0xEF9E,
    0xF7BE, 0x94B3, 0x8472, 0x8CB3, 0x9D55, 0x8492, 0x8CB2, 0x8CB2, 0x8491, 0x9D34, 0x8430, 0x2124,
    0x2124, 0x2945, 0x2124, 0x2124, 0x2124, 0x2124, 0x2124, 0x2124, 0x2124, 0x2124, 0x2945, 0x2945,
    0x18C3, 0x31A6, 0x8451, 0x94F4, 0x8492, 0x8492, 0x8C92, 0x8472, 0x8C92, 0x8C92, 0x8472, 0xDF1C,
    0xCE9A, 0x8472, 0x8C72, 0xBE18, 0xDEFC, 0x8CB3, 0x8C92, 0x8492, 0x8472, 0x84B2, 0x8492, 0x8492,
    0x9D34, 0x8430, 0x2125, 0x18E4, 0x2945, 0x2925, 0x2125, 0x2144, 0x2124, 0x2124, 0x2124, 0x2124,
    0x2124, 0x2144, 0x2124, 0x2924, 0x2945, 0x18E3, 0x2966, 0x7C10, 0x94F4, 0x8CB3, 0x8492, 0x8CB3,
    0x8CB3, 0x8CB3, 0x8492, 0x8472, 0x8C92, 0x8C92, 0x8C93, 0x8472, 0x8472, 0x8C93, 0x8CB3, 0x8C93,
    0x8CB3, 0x8472, 0x8CD3, 0xA555, 0x73AF, 0x1904, 0x2104, 0x2925, 0x2925, 0x2125, 0x2125, 0x2144,
    0x2124, 0x2124, 0x2124, 0x2124, 0x2124, 0x2124, 0x2124, 0x2124, 0x2124, 0x2945, 0x1904, 0x1904,
    0x52EB, 0x8CB3, 0x94F4, 0x8CB3, 0x8492, 0x8492, 0x8CB3, 0x8CB3, 0x8C92, 0x8CB3, 0x8C93, 0x8CB3,
    0x84B3, 0x8493, 0x8492, 0x8492, 0x94D3, 0x9D14, 0x8CB2, 0x4A69, 0x18C3, 0x2125, 0x2945, 0x2924,
    0x2124, 0x2925, 0x2124, 0x2124, 0x2124, 0x2124, 0x2124, 0x2124, 0x2124, 0x2124, 0x2124, 0x2124,
    0x2124, 0x2124, 0x2945, 0x2124, 0x18C3, 0x31A6, 0x5B4D, 0x8C92, 0x9D14, 0x94F4, 0x8CD3, 0x8CB3,
    0x8C93, 0x8492, 0x8493, 0x84B3, 0x8CB3, 0x8CF3, 0x9D14, 0x9D35, 0x8C92, 0x5AEB, 0x2124, 0x18C3,
    0x2945, 0x2945, 0x2124, 0x2124, 0x2124, 0x2124, 0x2124, 0x2124, 0x2124, 0x2124, 0x2124, 0x2124,
    0x2124, 0x2124, 0x2124, 0x2124, 0x2124, 0x2124, 0x2124, 0x2124, 0x2945, 0x18E3, 0x18C3, 0x2986,
    0x4A8A, 0x73CF, 0x8C71, 0x8CB2, 0x94F3, 0x9514, 0x9514, 0x94F3, 0x94D3, 0x8451, 0x6B6D, 0x4A69,
    0x2124, 0x18C3, 0x18E3, 0x2945, 0x2124, 0x2124, 0x2124, 0x2124, 0x2124, 0x2124, 0x2124, 0x2124,
    0x2124, 0x2124, 0x2124, 0x2124, 0x2124, 0x2124, 0x2124, 0x2124, 0x2124, 0x2124, 0x2104, 0x2124,
    0x2124, 0x2124, 0x2924, 0x2104, 0x18E3, 0x18E3, 0x2124, 0x3186, 0x39C7, 0x3A08, 0x4228, 0x31C7,
    0x2965, 0x1904, 0x18E3, 0x18E3, 0x2104, 0x2945, 0x2945, 0x2104, 0x2124, 0x2124, 0x2124, 0x2124,
    0x2124, 0x2124, 0x2124, 0x2124, 0x2124, 0x2124, 0x2124, 0x2124, 0x2124, 0x2124, 0x2124, 0x2124,
    0x2124, 0x2124, 0x2124, 0x2104, 0x2124, 0x2124, 0x2124, 0x2924, 0x2924, 0x2124, 0x2124, 0x2104,
    0x18E4, 0x18E3, 0x18E3, 0x18E3, 0x2104, 0x2144, 0x2945, 0x2945, 0x2945, 0x2124, 0x2124, 0x2924,
    0x2124, 0x2124, 0x2124, 0x2124, 0x2124, 0x2124, 0x2124, 0x2124, 0x2124, 0x2124, 0x2124, 0x2124,
    0x2124, 0x2124, 0x2124, 0x2124, 0x2124, 0x2124, 0x2124, 0x2124, 0x2124, 0x2124, 0x2124, 0x2124,
    0x2124, 0x2124, 0x2145, 0x2145, 0x2945, 0x2145, 0x2125, 0x2945, 0x2124, 0x2124, 0x2124, 0x2124,
    0x2124, 0x2124, 0x2124, 0x2124, 0x2124, 0x2124, 0x2124, 0x2124, 0x2124, 0x2124, 0x2124, 0x2124,
    0x2124, 0x2124, 0x2124, 0x2124, 0x2124, 0x2124, 0x2124, 0x2124, 0x2124, 0x2124, 0x2124, 0x2124,
    0x2124, 0x2124, 0x2124, 0x2124, 0x2124, 0x2124, 0x2124, 0x2124, 0x2124, 0x2124, 0x2124, 0x2124,
    0x2124, 0x2124, 0x2124, 0x2124, 0x2124, 0x2124, 0x2124, 0x2124, 0x2124, 0x2124, 0x2124, 0x2124,
    0x2124, 0x2124, 0x2124, 0x2124,
};

#endif // ICON_ASSETS_H
